,X,label
0,"[[[243 243 243]
  [243 243 243]
  [243 243 243]
  ...
  [242 242 242]
  [242 242 242]
  [242 242 242]]

 [[243 243 243]
  [243 243 243]
  [243 243 243]
  ...
  [242 242 242]
  [242 242 242]
  [242 242 242]]

 [[243 243 243]
  [243 243 243]
  [243 243 243]
  ...
  [242 242 242]
  [242 242 242]
  [242 242 242]]

 ...

 [[243 244 243]
  [243 244 243]
  [243 244 243]
  ...
  [242 243 242]
  [242 243 242]
  [242 243 242]]

 [[243 244 243]
  [243 244 243]
  [243 244 243]
  ...
  [241 242 241]
  [241 242 241]
  [241 242 241]]

 [[243 244 243]
  [243 244 243]
  [243 244 243]
  ...
  [241 242 241]
  [241 242 241]
  [241 242 241]]]",3
1,"[[[244 244 243]
  [244 244 243]
  [244 244 243]
  ...
  [238 237 234]
  [238 237 234]
  [239 237 236]]

 [[244 244 243]
  [244 244 243]
  [244 244 243]
  ...
  [238 237 234]
  [238 237 234]
  [239 237 236]]

 [[244 244 243]
  [244 244 243]
  [244 244 243]
  ...
  [238 237 234]
  [238 237 234]
  [239 237 236]]

 ...

 [[242 241 241]
  [243 242 242]
  [243 243 243]
  ...
  [233 229 228]
  [233 229 228]
  [233 232 230]]

 [[242 241 241]
  [243 242 242]
  [243 243 243]
  ...
  [235 233 232]
  [235 233 232]
  [236 234 234]]

 [[242 241 241]
  [243 242 242]
  [243 243 243]
  ...
  [239 240 238]
  [239 240 239]
  [240 238 239]]]",1
2,"[[[242 242 242]
  [242 242 242]
  [241 241 241]
  ...
  [239 239 239]
  [239 239 239]
  [239 239 239]]

 [[242 242 242]
  [242 242 242]
  [241 241 241]
  ...
  [239 239 239]
  [239 239 239]
  [239 239 239]]

 [[242 242 242]
  [242 242 242]
  [241 241 241]
  ...
  [239 239 239]
  [239 239 239]
  [239 239 239]]

 ...

 [[242 242 239]
  [242 242 239]
  [242 242 240]
  ...
  [239 239 239]
  [239 239 239]
  [239 239 239]]

 [[242 242 239]
  [242 242 239]
  [242 242 240]
  ...
  [239 239 239]
  [239 239 239]
  [239 239 239]]

 [[242 242 239]
  [242 242 239]
  [242 242 240]
  ...
  [239 239 239]
  [239 239 239]
  [239 239 239]]]",0
3,"[[[243 243 243]
  [243 243 243]
  [243 243 243]
  ...
  [241 239 241]
  [241 239 241]
  [241 239 241]]

 [[243 243 243]
  [243 243 243]
  [243 243 243]
  ...
  [241 239 241]
  [241 239 241]
  [241 239 241]]

 [[243 243 243]
  [243 243 243]
  [243 243 243]
  ...
  [241 239 241]
  [241 239 241]
  [241 239 241]]

 ...

 [[241 241 241]
  [241 241 241]
  [241 241 241]
  ...
  [238 239 239]
  [238 239 239]
  [238 239 239]]

 [[241 241 241]
  [241 241 241]
  [241 241 241]
  ...
  [238 237 237]
  [238 237 237]
  [238 237 237]]

 [[241 241 241]
  [241 241 241]
  [241 241 241]
  ...
  [238 237 237]
  [238 237 237]
  [238 237 237]]]",2
4,"[[[237 235 238]
  [236 237 236]
  [235 238 233]
  ...
  [233 232 231]
  [233 232 231]
  [233 232 231]]

 [[238 235 238]
  [237 237 236]
  [236 238 234]
  ...
  [233 232 231]
  [233 232 231]
  [233 232 231]]

 [[240 235 238]
  [238 237 237]
  [237 239 236]
  ...
  [234 232 232]
  [234 232 232]
  [234 232 232]]

 ...

 [[192 193 191]
  [192 193 191]
  [192 193 191]
  ...
  [197 196 193]
  [197 196 193]
  [196 196 192]]

 [[187 188 187]
  [187 188 187]
  [187 188 186]
  ...
  [192 191 188]
  [192 191 188]
  [191 191 188]]

 [[184 185 183]
  [184 184 183]
  [184 184 183]
  ...
  [189 187 185]
  [188 187 184]
  [188 187 184]]]",1
5,"[[[243 243 243]
  [243 243 243]
  [243 243 243]
  ...
  [242 242 242]
  [242 242 242]
  [242 242 242]]

 [[243 243 243]
  [243 243 243]
  [243 243 243]
  ...
  [242 242 242]
  [242 242 242]
  [242 242 242]]

 [[243 243 243]
  [243 243 243]
  [243 243 243]
  ...
  [242 242 242]
  [242 242 242]
  [242 242 242]]

 ...

 [[243 243 243]
  [243 243 243]
  [243 243 243]
  ...
  [241 243 243]
  [240 239 241]
  [240 236 238]]

 [[243 243 243]
  [243 243 243]
  [243 243 243]
  ...
  [241 243 243]
  [240 240 241]
  [240 237 238]]

 [[243 243 243]
  [243 243 243]
  [243 243 243]
  ...
  [241 243 243]
  [240 241 241]
  [240 239 238]]]",0
6,"[[[245 246 243]
  [243 244 242]
  [241 242 239]
  ...
  [245 245 245]
  [245 245 245]
  [242 242 242]]

 [[245 246 243]
  [243 244 242]
  [241 242 240]
  ...
  [243 243 243]
  [240 240 240]
  [234 234 234]]

 [[244 245 243]
  [243 244 242]
  [241 242 240]
  ...
  [243 243 243]
  [236 236 236]
  [226 226 226]]

 ...

 [[243 244 243]
  [243 244 243]
  [243 244 243]
  ...
  [244 244 244]
  [244 244 244]
  [244 244 244]]

 [[243 244 243]
  [243 244 243]
  [243 244 243]
  ...
  [243 243 243]
  [243 243 243]
  [243 243 243]]

 [[243 244 243]
  [243 244 243]
  [243 244 243]
  ...
  [241 241 241]
  [241 241 241]
  [241 241 241]]]",0
7,"[[[244 244 244]
  [244 244 244]
  [244 244 244]
  ...
  [244 244 244]
  [244 244 244]
  [244 244 244]]

 [[244 244 244]
  [244 244 244]
  [244 244 244]
  ...
  [244 244 244]
  [244 244 244]
  [244 244 244]]

 [[244 244 244]
  [244 244 244]
  [244 244 244]
  ...
  [244 244 244]
  [244 244 244]
  [244 244 244]]

 ...

 [[234 234 234]
  [234 234 234]
  [234 234 234]
  ...
  [236 234 234]
  [236 234 234]
  [236 234 234]]

 [[234 234 234]
  [234 234 234]
  [234 234 234]
  ...
  [236 234 234]
  [236 234 234]
  [236 234 234]]

 [[234 234 234]
  [234 234 234]
  [234 234 234]
  ...
  [236 234 234]
  [236 234 234]
  [236 234 234]]]",2
8,"[[[243 243 243]
  [243 243 243]
  [243 243 243]
  ...
  [242 242 242]
  [242 242 242]
  [242 242 242]]

 [[243 243 243]
  [243 243 243]
  [243 243 243]
  ...
  [242 242 242]
  [242 242 242]
  [242 242 242]]

 [[243 243 243]
  [243 243 243]
  [243 243 243]
  ...
  [242 242 242]
  [242 242 242]
  [242 242 242]]

 ...

 [[243 243 243]
  [243 243 243]
  [243 243 243]
  ...
  [242 242 242]
  [242 242 242]
  [242 242 242]]

 [[243 243 243]
  [243 243 243]
  [243 243 243]
  ...
  [242 242 242]
  [242 242 242]
  [242 242 242]]

 [[243 243 243]
  [243 243 243]
  [243 243 243]
  ...
  [242 242 242]
  [242 242 242]
  [242 242 242]]]",3
9,"[[[242 243 242]
  [242 243 242]
  [242 243 242]
  ...
  [242 243 243]
  [242 243 243]
  [242 243 243]]

 [[242 243 242]
  [242 243 242]
  [242 243 242]
  ...
  [242 243 243]
  [242 243 243]
  [242 243 243]]

 [[242 243 242]
  [242 243 242]
  [242 243 242]
  ...
  [242 243 243]
  [242 243 243]
  [242 243 243]]

 ...

 [[242 242 242]
  [242 242 242]
  [242 242 242]
  ...
  [241 241 240]
  [241 241 240]
  [241 241 240]]

 [[242 242 242]
  [242 242 242]
  [242 242 242]
  ...
  [241 241 239]
  [241 241 239]
  [241 241 239]]

 [[242 242 242]
  [242 242 242]
  [242 242 242]
  ...
  [241 241 239]
  [241 241 239]
  [241 241 239]]]",1
10,"[[[239 237 237]
  [239 237 237]
  [239 237 237]
  ...
  [236 236 236]
  [236 236 236]
  [236 236 236]]

 [[239 237 237]
  [239 237 237]
  [239 237 237]
  ...
  [236 236 236]
  [236 236 236]
  [236 236 236]]

 [[239 237 237]
  [239 237 237]
  [239 237 237]
  ...
  [236 236 236]
  [236 236 236]
  [236 236 236]]

 ...

 [[243 243 243]
  [243 243 243]
  [243 243 243]
  ...
  [243 243 243]
  [243 243 243]
  [243 243 243]]

 [[243 243 243]
  [243 243 243]
  [243 243 243]
  ...
  [243 243 243]
  [243 243 243]
  [243 243 243]]

 [[243 243 243]
  [243 243 243]
  [243 243 243]
  ...
  [243 243 243]
  [243 243 243]
  [243 243 243]]]",1
11,"[[[243 243 243]
  [243 243 243]
  [243 243 243]
  ...
  [237 238 239]
  [239 240 242]
  [241 242 243]]

 [[243 243 243]
  [243 243 243]
  [243 243 243]
  ...
  [237 238 239]
  [239 240 241]
  [241 241 242]]

 [[243 243 243]
  [243 243 243]
  [243 243 243]
  ...
  [238 237 238]
  [239 239 240]
  [241 240 241]]

 ...

 [[231 224 228]
  [229 229 226]
  [227 224 223]
  ...
  [228 225 225]
  [227 225 224]
  [226 226 225]]

 [[231 228 228]
  [229 232 225]
  [227 226 221]
  ...
  [228 225 224]
  [227 225 223]
  [226 226 223]]

 [[228 226 223]
  [227 226 222]
  [226 225 221]
  ...
  [239 239 239]
  [239 239 239]
  [239 239 239]]]",1
12,"[[[243 243 243]
  [243 243 243]
  [243 243 243]
  ...
  [243 244 243]
  [243 244 243]
  [243 244 243]]

 [[243 243 243]
  [243 243 243]
  [243 243 243]
  ...
  [243 244 243]
  [243 244 243]
  [243 244 243]]

 [[243 243 243]
  [243 243 243]
  [243 243 243]
  ...
  [243 244 243]
  [243 244 243]
  [243 244 243]]

 ...

 [[243 243 243]
  [243 243 243]
  [243 243 243]
  ...
  [243 243 243]
  [242 242 242]
  [242 242 242]]

 [[243 243 243]
  [243 243 243]
  [243 243 243]
  ...
  [241 241 241]
  [242 242 242]
  [242 242 242]]

 [[243 243 243]
  [243 243 243]
  [243 243 243]
  ...
  [240 240 240]
  [242 242 242]
  [242 242 242]]]",2
13,"[[[243 244 244]
  [243 244 244]
  [243 244 244]
  ...
  [244 244 243]
  [244 244 243]
  [244 244 243]]

 [[243 244 244]
  [243 244 244]
  [243 244 244]
  ...
  [244 244 243]
  [244 244 243]
  [244 244 243]]

 [[242 244 244]
  [242 244 244]
  [242 244 244]
  ...
  [244 244 242]
  [244 244 242]
  [244 244 242]]

 ...

 [[246 246 246]
  [246 246 246]
  [246 246 246]
  ...
  [246 246 246]
  [246 246 246]
  [246 246 246]]

 [[246 246 246]
  [246 246 246]
  [246 246 246]
  ...
  [246 246 246]
  [246 246 246]
  [246 246 246]]

 [[246 246 246]
  [246 246 246]
  [246 246 246]
  ...
  [246 246 246]
  [246 246 246]
  [246 246 246]]]",3
14,"[[[243 242 242]
  [243 242 242]
  [243 242 242]
  ...
  [244 244 244]
  [244 244 244]
  [244 244 244]]

 [[243 242 242]
  [243 242 242]
  [243 242 242]
  ...
  [244 244 244]
  [244 244 244]
  [244 244 244]]

 [[243 242 242]
  [243 242 242]
  [243 242 242]
  ...
  [244 244 244]
  [244 244 244]
  [244 244 244]]

 ...

 [[243 244 243]
  [243 244 243]
  [243 244 243]
  ...
  [244 244 244]
  [244 244 244]
  [244 244 244]]

 [[243 244 243]
  [243 244 243]
  [243 244 243]
  ...
  [243 243 243]
  [243 243 243]
  [243 243 243]]

 [[243 244 243]
  [243 244 243]
  [243 244 243]
  ...
  [241 241 241]
  [241 241 241]
  [241 241 241]]]",1
15,"[[[243 243 243]
  [243 243 243]
  [243 243 243]
  ...
  [242 243 242]
  [242 243 242]
  [242 243 242]]

 [[243 243 243]
  [243 243 243]
  [243 243 243]
  ...
  [242 243 242]
  [242 243 242]
  [242 243 242]]

 [[243 243 243]
  [243 243 243]
  [243 243 243]
  ...
  [242 243 242]
  [242 243 242]
  [242 243 242]]

 ...

 [[242 243 242]
  [242 243 242]
  [242 243 242]
  ...
  [242 242 242]
  [242 242 242]
  [242 242 242]]

 [[242 243 242]
  [242 243 242]
  [242 243 242]
  ...
  [242 242 242]
  [242 242 242]
  [242 242 242]]

 [[242 243 242]
  [242 243 242]
  [242 243 242]
  ...
  [242 242 242]
  [242 242 242]
  [242 242 242]]]",1
16,"[[[243 244 243]
  [243 244 243]
  [243 244 243]
  ...
  [243 243 243]
  [243 243 243]
  [243 243 243]]

 [[243 244 243]
  [243 244 243]
  [243 244 243]
  ...
  [243 243 243]
  [243 243 243]
  [243 243 243]]

 [[243 244 243]
  [243 244 243]
  [243 244 243]
  ...
  [243 243 243]
  [243 243 243]
  [243 243 243]]

 ...

 [[236 235 234]
  [236 235 234]
  [236 235 234]
  ...
  [235 234 234]
  [235 234 234]
  [235 234 234]]

 [[236 234 233]
  [236 234 233]
  [236 234 233]
  ...
  [234 233 233]
  [234 233 233]
  [234 233 233]]

 [[236 234 233]
  [236 234 233]
  [236 234 233]
  ...
  [234 233 233]
  [234 233 233]
  [234 233 233]]]",7
17,"[[[231 225 226]
  [228 224 225]
  [225 222 224]
  ...
  [242 242 242]
  [242 242 242]
  [242 242 242]]

 [[236 226 232]
  [235 225 231]
  [233 225 229]
  ...
  [242 242 242]
  [242 242 242]
  [242 242 242]]

 [[225 228 235]
  [227 228 233]
  [230 228 232]
  ...
  [242 242 242]
  [242 242 242]
  [242 242 242]]

 ...

 [[233 222 229]
  [232 216 225]
  [231 204 205]
  ...
  [242 242 242]
  [242 242 242]
  [242 242 242]]

 [[203 173 165]
  [202 125 143]
  [204  61 108]
  ...
  [242 242 242]
  [242 242 242]
  [242 242 242]]

 [[206  71 105]
  [206  93 111]
  [208  87 107]
  ...
  [242 242 242]
  [242 242 242]
  [242 242 242]]]",3
18,"[[[242 242 242]
  [242 242 242]
  [242 242 242]
  ...
  [242 244 244]
  [242 243 243]
  [238 239 242]]

 [[242 242 242]
  [242 242 242]
  [242 242 242]
  ...
  [244 244 243]
  [245 242 241]
  [241 237 239]]

 [[242 242 242]
  [242 242 242]
  [242 242 242]
  ...
  [244 244 241]
  [243 240 238]
  [237 233 234]]

 ...

 [[241 241 242]
  [241 241 242]
  [242 241 242]
  ...
  [239 239 239]
  [239 239 239]
  [239 239 239]]

 [[242 241 242]
  [242 241 242]
  [242 241 242]
  ...
  [239 239 239]
  [239 239 239]
  [239 239 239]]

 [[242 241 242]
  [242 241 242]
  [242 241 242]
  ...
  [239 239 239]
  [239 239 239]
  [239 239 239]]]",3
19,"[[[218 219 216]
  [217 219 215]
  [217 218 214]
  ...
  [206 206 203]
  [207 207 203]
  [207 207 204]]

 [[221 222 218]
  [221 221 218]
  [220 221 217]
  ...
  [200 200 197]
  [201 201 197]
  [201 201 197]]

 [[226 226 223]
  [226 226 222]
  [225 225 221]
  ...
  [206 206 202]
  [206 206 203]
  [207 207 203]]

 ...

 [[244 244 244]
  [244 244 244]
  [244 244 244]
  ...
  [244 244 243]
  [244 244 243]
  [244 244 243]]

 [[244 244 244]
  [244 244 244]
  [244 244 244]
  ...
  [244 244 243]
  [244 244 243]
  [244 244 243]]

 [[244 244 244]
  [244 244 244]
  [244 244 244]
  ...
  [244 244 243]
  [244 244 243]
  [244 244 243]]]",5
20,"[[[244 244 244]
  [244 244 244]
  [244 244 244]
  ...
  [243 243 243]
  [243 243 243]
  [243 243 243]]

 [[244 244 244]
  [244 244 244]
  [244 244 244]
  ...
  [243 243 243]
  [243 243 243]
  [243 243 243]]

 [[244 244 244]
  [244 244 244]
  [244 244 244]
  ...
  [243 243 243]
  [243 243 243]
  [243 243 243]]

 ...

 [[244 244 244]
  [244 244 244]
  [244 244 244]
  ...
  [242 243 243]
  [242 243 243]
  [242 243 243]]

 [[244 244 244]
  [244 244 244]
  [244 244 244]
  ...
  [242 243 243]
  [242 243 243]
  [242 243 243]]

 [[244 244 244]
  [244 244 244]
  [244 244 244]
  ...
  [242 243 243]
  [242 243 243]
  [242 243 243]]]",0
21,"[[[244 244 243]
  [244 244 243]
  [244 244 243]
  ...
  [243 244 243]
  [243 244 243]
  [243 244 243]]

 [[244 244 243]
  [244 244 243]
  [244 244 243]
  ...
  [243 244 243]
  [243 244 243]
  [243 244 243]]

 [[244 244 243]
  [244 244 243]
  [244 244 243]
  ...
  [243 244 243]
  [243 244 243]
  [243 244 243]]

 ...

 [[243 244 243]
  [243 244 243]
  [243 244 243]
  ...
  [241 241 241]
  [241 241 241]
  [241 241 241]]

 [[243 244 243]
  [243 244 243]
  [243 244 243]
  ...
  [241 241 241]
  [241 241 241]
  [241 241 241]]

 [[243 244 243]
  [243 244 243]
  [243 244 243]
  ...
  [241 241 241]
  [241 241 241]
  [241 241 241]]]",1
22,"[[[244 244 242]
  [244 244 242]
  [244 244 242]
  ...
  [244 245 243]
  [244 245 243]
  [244 245 243]]

 [[244 244 242]
  [244 244 242]
  [244 244 242]
  ...
  [244 245 243]
  [244 245 243]
  [244 245 243]]

 [[244 244 242]
  [244 244 242]
  [244 244 242]
  ...
  [244 245 243]
  [244 245 243]
  [244 245 243]]

 ...

 [[239 238 237]
  [239 238 238]
  [239 238 238]
  ...
  [239 238 238]
  [239 238 238]
  [239 238 238]]

 [[239 238 237]
  [239 238 238]
  [239 238 238]
  ...
  [238 238 238]
  [238 238 238]
  [238 238 238]]

 [[239 238 237]
  [239 238 238]
  [239 238 238]
  ...
  [238 238 238]
  [238 238 238]
  [238 238 238]]]",3
23,"[[[242 241 241]
  [242 241 241]
  [242 241 241]
  ...
  [241 239 238]
  [241 239 238]
  [241 239 238]]

 [[242 241 241]
  [242 241 241]
  [242 241 241]
  ...
  [241 239 238]
  [241 239 238]
  [241 239 238]]

 [[242 241 241]
  [242 241 241]
  [242 241 241]
  ...
  [241 240 239]
  [241 240 239]
  [241 240 239]]

 ...

 [[241 242 240]
  [242 243 241]
  [244 244 243]
  ...
  [242 244 242]
  [242 244 242]
  [242 244 242]]

 [[242 244 241]
  [243 244 241]
  [243 243 242]
  ...
  [242 242 242]
  [242 242 242]
  [242 242 242]]

 [[242 243 240]
  [241 243 240]
  [241 242 240]
  ...
  [242 239 242]
  [242 239 242]
  [242 239 242]]]",5
24,"[[[243 243 242]
  [243 243 242]
  [243 243 242]
  ...
  [242 242 241]
  [242 242 241]
  [242 242 241]]

 [[243 243 242]
  [243 243 242]
  [243 243 242]
  ...
  [242 242 241]
  [242 242 241]
  [242 242 241]]

 [[243 243 242]
  [243 243 242]
  [243 243 242]
  ...
  [242 242 241]
  [242 242 241]
  [242 242 241]]

 ...

 [[244 244 243]
  [244 244 243]
  [244 244 243]
  ...
  [244 244 243]
  [244 244 243]
  [244 244 243]]

 [[244 244 243]
  [244 244 243]
  [244 244 243]
  ...
  [243 243 242]
  [243 243 242]
  [243 243 242]]

 [[244 244 243]
  [244 244 243]
  [244 244 243]
  ...
  [241 241 242]
  [241 241 242]
  [241 241 242]]]",2
25,"[[[242 243 243]
  [242 243 243]
  [242 243 243]
  ...
  [242 243 243]
  [242 243 243]
  [242 243 243]]

 [[242 243 243]
  [242 243 243]
  [242 243 243]
  ...
  [242 243 243]
  [242 243 243]
  [242 243 243]]

 [[242 243 243]
  [242 243 243]
  [242 243 243]
  ...
  [242 243 243]
  [242 243 243]
  [242 243 243]]

 ...

 [[241 242 243]
  [241 242 243]
  [241 242 243]
  ...
  [242 244 244]
  [242 244 244]
  [242 244 244]]

 [[241 242 243]
  [241 242 243]
  [241 242 243]
  ...
  [242 242 242]
  [242 242 242]
  [242 242 242]]

 [[241 242 243]
  [241 242 243]
  [241 242 243]
  ...
  [242 239 239]
  [242 239 239]
  [242 239 239]]]",3
26,"[[[226 224 227]
  [244 242 240]
  [229 228 225]
  ...
  [232 229 230]
  [232 225 231]
  [232 225 231]]

 [[228 225 229]
  [246 244 242]
  [230 229 227]
  ...
  [232 229 230]
  [232 226 231]
  [232 226 231]]

 [[232 228 231]
  [249 246 246]
  [233 230 230]
  ...
  [232 229 230]
  [232 228 231]
  [232 228 231]]

 ...

 [[191 188 182]
  [255 255 253]
  [207 210 209]
  ...
  [238 235 236]
  [238 245 249]
  [229 187 190]]

 [[210 207 205]
  [255 252 254]
  [166 164 165]
  ...
  [222 225 228]
  [221 216 218]
  [202  23  24]]

 [[232 229 235]
  [252 245 254]
  [120 113 119]
  ...
  [238 233 237]
  [233 228 233]
  [207   0   0]]]",2
27,"[[[145 142 141]
  [145 143 141]
  [145 144 141]
  ...
  [ 11  11  11]
  [ 11  12  12]
  [ 11  12  13]]

 [[148 145 144]
  [148 146 144]
  [148 147 144]
  ...
  [  9   8   8]
  [  9   9   8]
  [  9  10   9]]

 [[153 150 148]
  [153 150 148]
  [153 151 148]
  ...
  [  9   7   6]
  [  9   8   6]
  [  9   8   6]]

 ...

 [[243 243 244]
  [243 243 243]
  [243 243 243]
  ...
  [243 243 242]
  [243 243 242]
  [243 243 242]]

 [[243 243 244]
  [243 243 243]
  [243 243 243]
  ...
  [242 242 242]
  [242 242 242]
  [242 242 242]]

 [[243 243 244]
  [243 243 243]
  [243 243 243]
  ...
  [241 241 241]
  [241 241 241]
  [241 241 241]]]",2
28,"[[[242 242 242]
  [242 242 242]
  [242 242 242]
  ...
  [242 242 242]
  [242 242 242]
  [242 242 242]]

 [[242 242 242]
  [242 242 242]
  [242 242 242]
  ...
  [242 242 242]
  [242 242 242]
  [242 242 242]]

 [[242 242 242]
  [242 242 242]
  [242 242 242]
  ...
  [242 242 242]
  [242 242 242]
  [242 242 242]]

 ...

 [[242 243 242]
  [242 243 242]
  [242 243 242]
  ...
  [242 242 242]
  [242 242 242]
  [242 242 242]]

 [[242 243 242]
  [242 243 242]
  [242 243 242]
  ...
  [242 242 242]
  [242 242 242]
  [242 242 242]]

 [[242 243 242]
  [242 243 242]
  [242 243 242]
  ...
  [242 242 242]
  [242 242 242]
  [242 242 242]]]",1
29,"[[[240 240 242]
  [240 240 242]
  [240 240 242]
  ...
  [244 244 244]
  [244 244 244]
  [244 244 244]]

 [[241 241 242]
  [241 241 242]
  [241 241 242]
  ...
  [244 244 244]
  [244 244 244]
  [244 244 244]]

 [[243 243 242]
  [243 243 242]
  [243 243 242]
  ...
  [244 244 244]
  [244 244 244]
  [244 244 244]]

 ...

 [[243 244 243]
  [243 244 243]
  [243 244 243]
  ...
  [233 237 237]
  [237 240 237]
  [239 241 237]]

 [[243 244 243]
  [243 244 243]
  [243 244 243]
  ...
  [236 237 237]
  [234 242 237]
  [232 245 237]]

 [[243 244 243]
  [243 244 243]
  [243 244 243]
  ...
  [238 238 239]
  [235 241 239]
  [233 243 239]]]",1
30,"[[[236 234 238]
  [236 234 238]
  [236 234 238]
  ...
  [237 238 238]
  [237 238 238]
  [237 238 238]]

 [[236 234 238]
  [236 234 238]
  [236 234 238]
  ...
  [237 237 238]
  [237 237 238]
  [237 237 238]]

 [[236 235 238]
  [236 235 238]
  [236 235 238]
  ...
  [237 236 238]
  [237 236 238]
  [237 236 238]]

 ...

 [[235 234 234]
  [235 234 234]
  [235 234 234]
  ...
  [235 234 232]
  [235 234 232]
  [235 234 234]]

 [[234 233 233]
  [234 233 233]
  [234 233 233]
  ...
  [234 233 232]
  [234 233 232]
  [234 233 233]]

 [[234 233 233]
  [234 233 233]
  [234 233 233]
  ...
  [234 233 232]
  [234 233 232]
  [234 233 233]]]",3
31,"[[[247 241 242]
  [244 251 247]
  [240 242 243]
  ...
  [244 244 244]
  [244 244 244]
  [244 244 244]]

 [[243 243 248]
  [240 247 246]
  [236 231 235]
  ...
  [244 244 244]
  [244 244 244]
  [244 244 244]]

 [[242 247 248]
  [239 250 245]
  [236 233 234]
  ...
  [244 244 244]
  [244 244 244]
  [244 244 244]]

 ...

 [[243 243 245]
  [242 244 242]
  [241 242 239]
  ...
  [244 244 244]
  [244 244 244]
  [244 244 244]]

 [[245 241 243]
  [244 244 241]
  [243 244 241]
  ...
  [243 243 243]
  [243 243 243]
  [243 243 243]]

 [[243 240 242]
  [243 243 241]
  [243 244 241]
  ...
  [241 241 241]
  [241 241 241]
  [241 241 241]]]",2
32,"[[[243 244 243]
  [243 244 243]
  [243 244 243]
  ...
  [243 243 243]
  [243 243 243]
  [243 243 243]]

 [[243 244 243]
  [243 244 243]
  [243 244 243]
  ...
  [243 243 243]
  [243 243 243]
  [243 243 243]]

 [[243 244 243]
  [243 244 243]
  [243 244 243]
  ...
  [243 243 243]
  [243 243 243]
  [243 243 243]]

 ...

 [[241 241 241]
  [242 242 242]
  [243 243 243]
  ...
  [243 244 243]
  [243 244 243]
  [243 244 243]]

 [[241 241 241]
  [242 242 242]
  [243 243 243]
  ...
  [243 243 243]
  [243 243 243]
  [243 243 243]]

 [[241 241 241]
  [242 242 242]
  [243 243 243]
  ...
  [243 242 243]
  [243 242 243]
  [243 242 243]]]",1
33,"[[[243 243 241]
  [243 243 241]
  [243 243 241]
  ...
  [243 243 242]
  [243 243 242]
  [243 243 242]]

 [[243 243 241]
  [243 243 241]
  [243 243 241]
  ...
  [243 243 242]
  [243 243 242]
  [243 243 242]]

 [[243 243 241]
  [243 243 241]
  [243 243 241]
  ...
  [243 243 242]
  [243 243 242]
  [243 243 242]]

 ...

 [[242 243 241]
  [242 243 241]
  [242 243 241]
  ...
  [243 242 241]
  [243 242 241]
  [243 242 241]]

 [[242 243 241]
  [242 243 241]
  [242 243 241]
  ...
  [241 242 241]
  [241 242 241]
  [241 242 241]]

 [[242 243 241]
  [242 243 241]
  [242 243 241]
  ...
  [240 242 241]
  [240 242 241]
  [240 242 241]]]",3
34,"[[[228 227 227]
  [227 226 226]
  [227 226 226]
  ...
  [244 244 244]
  [244 244 244]
  [244 244 244]]

 [[228 227 227]
  [228 226 226]
  [227 226 226]
  ...
  [244 244 244]
  [244 244 244]
  [244 244 244]]

 [[228 227 227]
  [228 227 227]
  [227 226 226]
  ...
  [244 244 244]
  [244 244 244]
  [244 244 244]]

 ...

 [[244 244 244]
  [244 244 244]
  [244 244 244]
  ...
  [244 244 244]
  [244 244 244]
  [244 244 244]]

 [[244 244 244]
  [244 244 244]
  [244 244 244]
  ...
  [242 242 242]
  [242 242 242]
  [242 242 242]]

 [[244 244 244]
  [244 244 244]
  [244 244 244]
  ...
  [239 239 239]
  [239 239 239]
  [239 239 239]]]",5
35,"[[[242 242 242]
  [242 242 242]
  [242 242 242]
  ...
  [240 238 239]
  [240 239 239]
  [240 240 239]]

 [[242 242 242]
  [242 242 242]
  [242 242 242]
  ...
  [240 240 240]
  [240 240 240]
  [241 240 240]]

 [[242 242 242]
  [242 242 242]
  [242 242 242]
  ...
  [241 242 241]
  [241 241 241]
  [241 240 242]]

 ...

 [[239 243 239]
  [239 243 239]
  [239 242 239]
  ...
  [239 239 239]
  [239 239 239]
  [239 239 239]]

 [[239 243 239]
  [239 243 239]
  [239 242 239]
  ...
  [239 239 239]
  [239 239 239]
  [239 239 239]]

 [[240 240 240]
  [240 240 240]
  [240 240 240]
  ...
  [238 237 236]
  [238 237 236]
  [238 237 236]]]",2
36,"[[[234 236 238]
  [234 236 238]
  [234 236 238]
  ...
  [242 242 242]
  [242 242 242]
  [242 242 242]]

 [[234 236 238]
  [234 236 238]
  [234 236 238]
  ...
  [242 242 242]
  [242 242 242]
  [242 242 242]]

 [[234 236 238]
  [234 236 238]
  [234 236 238]
  ...
  [242 242 242]
  [242 242 242]
  [242 242 242]]

 ...

 [[244 244 244]
  [244 244 244]
  [244 244 244]
  ...
  [243 244 243]
  [243 244 243]
  [243 244 243]]

 [[244 244 244]
  [244 244 244]
  [244 244 244]
  ...
  [243 244 243]
  [243 244 243]
  [243 244 243]]

 [[244 244 244]
  [244 244 244]
  [244 244 244]
  ...
  [243 244 243]
  [243 244 243]
  [243 244 243]]]",5
37,"[[[242 242 242]
  [242 242 242]
  [242 242 242]
  ...
  [241 241 238]
  [238 238 241]
  [241 241 243]]

 [[242 242 242]
  [242 242 242]
  [242 242 242]
  ...
  [243 243 241]
  [239 239 241]
  [239 239 242]]

 [[242 242 242]
  [242 242 242]
  [242 242 242]
  ...
  [246 246 244]
  [241 241 242]
  [238 238 240]]

 ...

 [[243 243 243]
  [243 243 243]
  [243 243 243]
  ...
  [242 242 242]
  [242 242 242]
  [242 242 242]]

 [[243 243 243]
  [243 243 243]
  [243 243 243]
  ...
  [242 242 242]
  [242 242 242]
  [242 242 242]]

 [[243 243 243]
  [243 243 243]
  [243 243 243]
  ...
  [242 242 242]
  [242 242 242]
  [242 242 242]]]",0
38,"[[[243 244 243]
  [243 244 243]
  [243 244 243]
  ...
  [243 243 243]
  [243 243 243]
  [243 243 243]]

 [[243 244 243]
  [243 244 243]
  [243 244 243]
  ...
  [243 243 243]
  [243 243 243]
  [243 243 243]]

 [[243 244 243]
  [243 244 243]
  [243 244 243]
  ...
  [243 243 243]
  [243 243 243]
  [243 243 243]]

 ...

 [[242 245 242]
  [242 247 242]
  [242 245 242]
  ...
  [241 241 241]
  [241 240 242]
  [241 240 242]]

 [[242 235 243]
  [242 241 244]
  [242 244 245]
  ...
  [241 241 241]
  [241 240 242]
  [241 240 242]]

 [[242 242 242]
  [242 242 242]
  [242 242 242]
  ...
  [241 241 241]
  [241 241 241]
  [241 241 241]]]",0
39,"[[[242 243 242]
  [242 243 242]
  [242 243 242]
  ...
  [242 243 242]
  [242 243 242]
  [242 243 242]]

 [[242 243 242]
  [242 243 242]
  [242 243 242]
  ...
  [242 243 242]
  [242 243 242]
  [242 243 242]]

 [[242 243 242]
  [242 243 242]
  [242 243 242]
  ...
  [242 243 242]
  [242 243 242]
  [242 243 242]]

 ...

 [[241 242 241]
  [241 242 241]
  [241 242 241]
  ...
  [241 242 241]
  [241 242 241]
  [241 242 241]]

 [[241 242 241]
  [241 242 241]
  [241 242 241]
  ...
  [241 242 241]
  [241 242 241]
  [241 242 241]]

 [[241 242 241]
  [241 242 241]
  [241 242 241]
  ...
  [241 241 241]
  [241 241 241]
  [241 241 241]]]",2
40,"[[[243 244 243]
  [243 244 243]
  [243 244 243]
  ...
  [243 243 243]
  [243 243 243]
  [243 243 243]]

 [[243 244 243]
  [243 244 243]
  [243 244 243]
  ...
  [243 243 243]
  [243 243 243]
  [243 243 243]]

 [[243 244 243]
  [243 244 243]
  [243 244 243]
  ...
  [243 243 243]
  [243 243 243]
  [243 243 243]]

 ...

 [[125 121 117]
  [125 121 116]
  [125 120 115]
  ...
  [144 140 137]
  [145 141 137]
  [145 141 137]]

 [[119 115 113]
  [119 115 112]
  [119 115 111]
  ...
  [138 134 131]
  [139 135 131]
  [139 135 131]]

 [[115 111 110]
  [115 111 109]
  [114 111 108]
  ...
  [134 130 127]
  [135 131 127]
  [135 131 127]]]",2
41,"[[[243 244 244]
  [243 244 244]
  [243 244 244]
  ...
  [239 234 236]
  [239 234 236]
  [239 234 236]]

 [[243 244 244]
  [243 244 244]
  [243 244 244]
  ...
  [239 233 234]
  [239 233 234]
  [239 233 234]]

 [[243 244 244]
  [243 244 244]
  [243 244 244]
  ...
  [240 235 236]
  [240 235 236]
  [240 235 236]]

 ...

 [[244 244 244]
  [244 244 244]
  [244 244 244]
  ...
  [241 241 241]
  [241 241 241]
  [241 241 241]]

 [[244 244 244]
  [244 244 244]
  [244 244 244]
  ...
  [241 241 241]
  [241 241 241]
  [241 241 241]]

 [[244 244 244]
  [244 244 244]
  [244 244 244]
  ...
  [241 241 241]
  [241 241 241]
  [241 241 241]]]",2
42,"[[[230 227 222]
  [230 226 221]
  [229 225 220]
  ...
  [242 242 242]
  [242 242 242]
  [242 242 242]]

 [[238 235 231]
  [238 235 231]
  [237 235 231]
  ...
  [242 242 242]
  [242 242 242]
  [242 242 242]]

 [[244 240 238]
  [244 243 241]
  [243 245 243]
  ...
  [242 242 242]
  [242 242 242]
  [242 242 242]]

 ...

 [[243 244 243]
  [243 244 243]
  [243 244 243]
  ...
  [241 239 241]
  [241 239 241]
  [241 239 241]]

 [[243 244 243]
  [243 244 243]
  [243 244 243]
  ...
  [241 239 241]
  [241 239 241]
  [241 239 241]]

 [[243 244 243]
  [243 244 243]
  [243 244 243]
  ...
  [241 239 241]
  [241 239 241]
  [241 239 241]]]",1
43,"[[[243 243 243]
  [243 243 243]
  [243 243 243]
  ...
  [243 243 243]
  [243 243 243]
  [243 243 243]]

 [[243 243 243]
  [243 243 243]
  [243 243 243]
  ...
  [243 243 243]
  [243 243 243]
  [243 243 243]]

 [[243 243 243]
  [243 243 243]
  [243 243 243]
  ...
  [243 243 243]
  [243 243 243]
  [243 243 243]]

 ...

 [[243 243 243]
  [243 243 243]
  [243 243 243]
  ...
  [238 239 238]
  [240 240 240]
  [240 240 240]]

 [[243 243 243]
  [243 243 243]
  [243 243 243]
  ...
  [239 241 239]
  [241 241 241]
  [241 241 241]]

 [[243 243 243]
  [243 243 243]
  [243 243 243]
  ...
  [240 242 240]
  [241 241 241]
  [241 241 241]]]",1
44,"[[[244 244 244]
  [244 244 244]
  [244 244 244]
  ...
  [244 244 244]
  [244 244 244]
  [244 244 244]]

 [[244 244 244]
  [244 244 244]
  [244 244 244]
  ...
  [244 244 244]
  [244 244 244]
  [244 244 244]]

 [[244 244 244]
  [244 244 244]
  [244 244 244]
  ...
  [244 244 244]
  [244 244 244]
  [244 244 244]]

 ...

 [[244 244 243]
  [243 243 243]
  [243 241 243]
  ...
  [243 243 242]
  [243 242 242]
  [242 242 242]]

 [[245 245 243]
  [244 243 243]
  [242 241 243]
  ...
  [244 243 242]
  [244 243 242]
  [244 243 242]]

 [[245 245 243]
  [244 243 243]
  [242 241 243]
  ...
  [242 240 241]
  [243 240 242]
  [242 241 243]]]",2
45,"[[[243 244 244]
  [243 244 244]
  [243 244 244]
  ...
  [242 243 242]
  [242 243 242]
  [242 243 242]]

 [[243 244 244]
  [243 244 244]
  [243 244 244]
  ...
  [242 243 242]
  [242 243 242]
  [242 243 242]]

 [[243 244 244]
  [243 244 244]
  [243 244 244]
  ...
  [242 243 242]
  [242 243 242]
  [242 243 242]]

 ...

 [[244 244 244]
  [244 244 244]
  [244 244 244]
  ...
  [241 242 242]
  [241 242 242]
  [241 242 242]]

 [[244 244 244]
  [244 244 244]
  [244 244 244]
  ...
  [241 242 242]
  [241 242 242]
  [241 242 242]]

 [[244 244 244]
  [244 244 244]
  [244 244 244]
  ...
  [241 242 242]
  [241 242 242]
  [241 242 242]]]",5
46,"[[[242 243 242]
  [242 243 242]
  [242 243 242]
  ...
  [242 242 242]
  [242 242 242]
  [242 242 242]]

 [[242 243 242]
  [242 243 242]
  [242 243 242]
  ...
  [242 242 242]
  [242 242 242]
  [242 242 242]]

 [[242 243 242]
  [242 243 242]
  [242 243 242]
  ...
  [242 242 242]
  [242 242 242]
  [242 242 242]]

 ...

 [[241 242 242]
  [241 242 242]
  [241 242 242]
  ...
  [241 241 241]
  [241 241 241]
  [241 241 241]]

 [[241 242 242]
  [241 242 242]
  [241 242 242]
  ...
  [241 241 241]
  [241 241 241]
  [241 241 241]]

 [[241 242 242]
  [241 242 242]
  [241 242 242]
  ...
  [241 241 241]
  [241 241 241]
  [241 241 241]]]",0
47,"[[[243 243 243]
  [243 243 243]
  [243 243 243]
  ...
  [244 244 244]
  [244 244 244]
  [244 244 244]]

 [[243 243 243]
  [243 243 243]
  [243 243 243]
  ...
  [244 244 244]
  [244 244 244]
  [244 244 244]]

 [[243 243 243]
  [243 243 243]
  [243 243 243]
  ...
  [244 244 244]
  [244 244 244]
  [244 244 244]]

 ...

 [[ 58  59  60]
  [ 68  68  68]
  [ 78  77  76]
  ...
  [198 194 191]
  [196 195 191]
  [196 195 191]]

 [[ 40  42  43]
  [ 65  66  67]
  [ 89  89  89]
  ...
  [192 191 189]
  [192 190 188]
  [192 190 188]]

 [[ 98  94  93]
  [121 116 116]
  [133 129 128]
  ...
  [232 234 234]
  [235 233 233]
  [235 233 233]]]",3
48,"[[[242 243 242]
  [242 243 242]
  [242 243 242]
  ...
  [241 241 237]
  [241 241 238]
  [242 242 239]]

 [[242 243 242]
  [242 243 242]
  [242 243 242]
  ...
  [240 240 239]
  [241 241 239]
  [242 242 240]]

 [[242 243 242]
  [242 243 242]
  [242 243 242]
  ...
  [240 240 240]
  [240 240 241]
  [241 241 242]]

 ...

 [[190 188 183]
  [190 188 183]
  [190 188 183]
  ...
  [200 197 194]
  [200 197 194]
  [200 197 194]]

 [[186 183 178]
  [186 183 178]
  [186 183 179]
  ...
  [194 192 190]
  [194 192 190]
  [194 192 190]]

 [[182 180 175]
  [182 180 175]
  [182 180 175]
  ...
  [227 224 223]
  [227 224 223]
  [227 224 223]]]",3
49,"[[[242 242 242]
  [242 242 242]
  [242 242 242]
  ...
  [241 240 241]
  [241 239 241]
  [241 239 241]]

 [[242 242 242]
  [242 242 242]
  [242 242 242]
  ...
  [241 240 241]
  [241 239 241]
  [241 239 241]]

 [[242 242 242]
  [242 242 242]
  [242 242 242]
  ...
  [241 240 241]
  [241 239 241]
  [241 239 241]]

 ...

 [[241 242 242]
  [241 242 242]
  [241 242 242]
  ...
  [241 241 241]
  [241 241 241]
  [241 241 241]]

 [[241 242 242]
  [241 242 242]
  [241 242 242]
  ...
  [241 241 241]
  [241 241 241]
  [241 241 241]]

 [[241 242 242]
  [241 242 242]
  [241 242 242]
  ...
  [241 241 241]
  [241 241 241]
  [241 241 241]]]",0
50,"[[[242 242 241]
  [242 242 241]
  [242 242 241]
  ...
  [240 240 240]
  [239 239 239]
  [239 239 239]]

 [[242 242 241]
  [242 242 241]
  [242 242 241]
  ...
  [240 240 240]
  [240 240 240]
  [239 239 239]]

 [[242 242 241]
  [242 242 241]
  [242 242 241]
  ...
  [241 241 241]
  [240 240 240]
  [240 240 240]]

 ...

 [[242 242 241]
  [242 242 241]
  [242 242 241]
  ...
  [245 242 241]
  [245 242 241]
  [245 242 241]]

 [[242 242 241]
  [242 242 241]
  [242 242 241]
  ...
  [243 242 241]
  [243 242 241]
  [243 242 241]]

 [[242 242 241]
  [242 242 241]
  [242 242 241]
  ...
  [240 242 240]
  [240 242 240]
  [240 242 240]]]",1
51,"[[[243 242 243]
  [243 242 243]
  [243 242 243]
  ...
  [243 242 243]
  [243 242 243]
  [243 242 243]]

 [[243 242 243]
  [243 242 243]
  [243 242 243]
  ...
  [243 242 243]
  [243 242 243]
  [243 242 243]]

 [[243 242 243]
  [243 242 243]
  [243 242 243]
  ...
  [243 242 243]
  [243 242 243]
  [243 242 243]]

 ...

 [[243 243 243]
  [243 243 243]
  [243 243 243]
  ...
  [243 243 243]
  [243 243 243]
  [243 243 243]]

 [[243 243 243]
  [243 243 243]
  [243 243 243]
  ...
  [243 243 243]
  [243 243 243]
  [243 243 243]]

 [[243 243 243]
  [243 243 243]
  [243 243 243]
  ...
  [243 243 243]
  [243 243 243]
  [243 243 243]]]",1
52,"[[[243 243 242]
  [243 243 242]
  [243 243 242]
  ...
  [242 243 242]
  [242 243 242]
  [242 243 242]]

 [[243 243 242]
  [243 243 242]
  [243 243 242]
  ...
  [242 243 242]
  [242 243 242]
  [242 243 242]]

 [[243 243 242]
  [243 243 242]
  [243 243 242]
  ...
  [242 243 242]
  [242 243 242]
  [242 243 242]]

 ...

 [[242 242 241]
  [242 242 241]
  [242 242 241]
  ...
  [242 242 241]
  [242 242 241]
  [242 242 241]]

 [[242 242 241]
  [242 242 241]
  [242 242 241]
  ...
  [242 242 241]
  [242 242 241]
  [242 242 241]]

 [[242 242 241]
  [242 242 241]
  [242 242 241]
  ...
  [242 242 241]
  [242 242 241]
  [242 242 241]]]",1
53,"[[[242 243 242]
  [242 243 242]
  [242 243 242]
  ...
  [242 243 242]
  [242 243 242]
  [242 243 242]]

 [[242 243 242]
  [242 243 242]
  [242 243 242]
  ...
  [242 243 242]
  [242 243 242]
  [242 243 242]]

 [[242 243 242]
  [242 243 242]
  [242 243 242]
  ...
  [242 243 242]
  [242 243 242]
  [242 243 242]]

 ...

 [[239 239 241]
  [239 239 241]
  [239 239 241]
  ...
  [239 239 239]
  [239 239 239]
  [239 239 239]]

 [[239 239 241]
  [239 239 241]
  [239 239 241]
  ...
  [239 239 239]
  [239 239 239]
  [239 239 239]]

 [[239 239 241]
  [239 239 241]
  [239 239 241]
  ...
  [239 239 239]
  [239 239 239]
  [239 239 239]]]",1
54,"[[[242 243 242]
  [242 243 242]
  [242 243 242]
  ...
  [242 242 242]
  [242 242 242]
  [242 242 242]]

 [[242 243 242]
  [242 243 242]
  [242 243 242]
  ...
  [242 242 242]
  [242 242 242]
  [242 242 242]]

 [[242 243 242]
  [242 243 242]
  [242 243 242]
  ...
  [242 242 242]
  [242 242 242]
  [242 242 242]]

 ...

 [[243 243 243]
  [243 243 243]
  [243 243 243]
  ...
  [242 242 242]
  [242 242 242]
  [242 242 242]]

 [[243 243 243]
  [243 243 243]
  [243 243 243]
  ...
  [242 242 242]
  [242 242 242]
  [242 242 242]]

 [[243 243 243]
  [243 243 243]
  [243 243 243]
  ...
  [241 241 241]
  [241 241 241]
  [241 241 241]]]",1
55,"[[[243 244 243]
  [243 244 243]
  [243 244 243]
  ...
  [244 246 246]
  [244 246 246]
  [244 246 246]]

 [[243 244 243]
  [243 244 243]
  [243 244 243]
  ...
  [244 246 245]
  [244 246 245]
  [244 246 245]]

 [[243 244 243]
  [243 244 243]
  [243 244 243]
  ...
  [244 246 244]
  [244 246 244]
  [244 246 244]]

 ...

 [[246 247 246]
  [246 247 246]
  [246 247 246]
  ...
  [247 249 247]
  [247 249 247]
  [247 249 247]]

 [[246 247 246]
  [246 247 246]
  [246 247 246]
  ...
  [247 249 247]
  [247 249 247]
  [247 249 247]]

 [[246 247 246]
  [246 247 246]
  [246 247 246]
  ...
  [247 249 247]
  [247 249 247]
  [247 249 247]]]",3
56,"[[[244 242 244]
  [244 243 244]
  [244 245 244]
  ...
  [243 243 243]
  [243 243 243]
  [243 243 243]]

 [[244 243 244]
  [243 242 243]
  [241 241 241]
  ...
  [243 243 243]
  [243 243 243]
  [243 243 243]]

 [[243 244 243]
  [241 241 241]
  [238 238 238]
  ...
  [243 243 243]
  [243 243 243]
  [243 243 243]]

 ...

 [[243 244 243]
  [243 244 243]
  [243 244 243]
  ...
  [243 245 242]
  [243 245 242]
  [243 244 243]]

 [[243 244 243]
  [243 244 243]
  [243 244 243]
  ...
  [243 243 241]
  [243 243 241]
  [243 243 242]]

 [[243 244 243]
  [243 244 243]
  [243 244 243]
  ...
  [243 241 240]
  [243 241 240]
  [243 242 241]]]",1
57,"[[[243 243 243]
  [243 243 243]
  [243 243 243]
  ...
  [242 242 242]
  [242 242 242]
  [242 242 242]]

 [[243 243 243]
  [243 243 243]
  [243 243 243]
  ...
  [242 242 242]
  [242 242 242]
  [242 242 242]]

 [[243 243 243]
  [243 243 243]
  [243 243 243]
  ...
  [242 242 242]
  [242 242 242]
  [242 242 242]]

 ...

 [[243 243 243]
  [243 243 243]
  [243 243 243]
  ...
  [242 242 242]
  [242 242 242]
  [242 242 242]]

 [[243 243 243]
  [243 243 243]
  [243 243 243]
  ...
  [242 242 242]
  [242 242 242]
  [242 242 242]]

 [[243 243 243]
  [243 243 243]
  [243 243 243]
  ...
  [242 242 242]
  [242 242 242]
  [242 242 242]]]",6
58,"[[[243 243 243]
  [243 244 243]
  [243 245 243]
  ...
  [243 243 243]
  [243 243 243]
  [243 243 243]]

 [[243 243 243]
  [243 244 243]
  [243 245 243]
  ...
  [243 243 243]
  [243 243 243]
  [243 243 243]]

 [[243 243 243]
  [243 244 243]
  [243 245 243]
  ...
  [243 243 243]
  [243 243 243]
  [243 243 243]]

 ...

 [[243 244 243]
  [243 244 243]
  [243 244 243]
  ...
  [243 244 243]
  [243 244 243]
  [243 244 243]]

 [[243 244 243]
  [243 244 243]
  [243 244 243]
  ...
  [242 242 242]
  [242 242 242]
  [242 242 242]]

 [[243 244 243]
  [243 244 243]
  [243 244 243]
  ...
  [242 242 242]
  [242 242 242]
  [242 242 242]]]",5
59,"[[[241 241 241]
  [241 241 241]
  [241 241 241]
  ...
  [244 244 244]
  [244 244 244]
  [244 244 244]]

 [[241 241 241]
  [241 241 241]
  [241 241 241]
  ...
  [244 244 244]
  [244 244 244]
  [244 244 244]]

 [[241 241 241]
  [241 241 241]
  [241 241 241]
  ...
  [244 244 244]
  [244 244 244]
  [244 244 244]]

 ...

 [[239 239 239]
  [239 239 239]
  [239 239 239]
  ...
  [241 241 241]
  [241 241 241]
  [241 241 241]]

 [[239 239 239]
  [239 239 239]
  [239 239 239]
  ...
  [241 241 241]
  [241 241 241]
  [241 241 241]]

 [[241 239 241]
  [241 239 241]
  [241 239 241]
  ...
  [241 241 241]
  [241 241 241]
  [241 241 241]]]",0
60,"[[[238 238 237]
  [238 238 237]
  [238 238 237]
  ...
  [234 232 231]
  [234 232 231]
  [234 232 231]]

 [[238 238 237]
  [238 238 237]
  [238 238 237]
  ...
  [234 232 231]
  [234 232 231]
  [234 232 231]]

 [[239 239 237]
  [239 239 237]
  [239 239 237]
  ...
  [235 232 231]
  [235 232 231]
  [235 232 231]]

 ...

 [[216 210 214]
  [215 212 209]
  [214 213 207]
  ...
  [222 211 211]
  [222 214 211]
  [222 218 215]]

 [[216 211 213]
  [215 214 209]
  [213 215 207]
  ...
  [224 216 216]
  [224 218 216]
  [224 221 218]]

 [[214 212 212]
  [214 216 208]
  [214 216 207]
  ...
  [237 234 234]
  [237 237 235]
  [237 238 235]]]",1
61,"[[[244 244 244]
  [244 244 244]
  [244 244 244]
  ...
  [243 244 244]
  [243 244 244]
  [243 244 244]]

 [[244 244 244]
  [244 244 244]
  [244 244 244]
  ...
  [243 244 244]
  [243 244 244]
  [243 244 244]]

 [[244 244 244]
  [244 244 244]
  [244 244 244]
  ...
  [243 244 244]
  [243 244 244]
  [243 244 244]]

 ...

 [[244 244 244]
  [244 244 244]
  [244 244 244]
  ...
  [243 243 243]
  [243 243 243]
  [243 243 243]]

 [[244 244 244]
  [244 244 244]
  [244 244 244]
  ...
  [243 243 243]
  [243 243 243]
  [243 243 243]]

 [[244 244 244]
  [244 244 244]
  [244 244 244]
  ...
  [243 244 243]
  [243 244 243]
  [243 244 243]]]",3
62,"[[[241 241 241]
  [241 241 241]
  [241 241 241]
  ...
  [242 240 242]
  [241 242 241]
  [241 242 241]]

 [[241 241 241]
  [241 241 241]
  [241 241 241]
  ...
  [242 243 244]
  [241 242 241]
  [241 242 241]]

 [[241 241 241]
  [241 241 241]
  [241 241 241]
  ...
  [243 241 241]
  [241 242 241]
  [241 242 241]]

 ...

 [[241 241 241]
  [241 241 241]
  [241 241 241]
  ...
  [241 241 241]
  [241 241 241]
  [241 241 241]]

 [[241 241 241]
  [241 241 241]
  [241 241 241]
  ...
  [241 241 241]
  [241 241 241]
  [241 241 241]]

 [[241 241 241]
  [241 241 241]
  [241 241 241]
  ...
  [241 241 241]
  [241 241 241]
  [241 241 241]]]",6
63,"[[[244 244 244]
  [244 244 244]
  [244 244 244]
  ...
  [243 243 242]
  [243 243 242]
  [243 243 242]]

 [[244 244 244]
  [244 244 244]
  [244 244 244]
  ...
  [243 243 242]
  [243 243 242]
  [243 243 242]]

 [[244 244 244]
  [244 244 244]
  [244 244 244]
  ...
  [243 243 242]
  [243 243 242]
  [243 243 242]]

 ...

 [[192 189 184]
  [192 189 184]
  [192 189 184]
  ...
  [200 197 195]
  [200 197 195]
  [200 197 195]]

 [[183 181 177]
  [183 181 177]
  [183 181 177]
  ...
  [191 190 187]
  [191 190 187]
  [191 190 187]]

 [[176 174 171]
  [176 174 171]
  [176 174 171]
  ...
  [235 234 233]
  [235 234 233]
  [235 234 233]]]",0
64,"[[[243 243 243]
  [243 243 243]
  [243 243 243]
  ...
  [243 242 242]
  [242 241 241]
  [241 239 239]]

 [[243 243 243]
  [243 243 243]
  [243 243 243]
  ...
  [243 243 243]
  [242 241 241]
  [241 240 240]]

 [[243 243 243]
  [243 243 243]
  [243 243 243]
  ...
  [243 244 244]
  [242 243 243]
  [241 242 242]]

 ...

 [[243 243 243]
  [243 243 243]
  [243 243 243]
  ...
  [242 242 242]
  [242 242 242]
  [242 242 242]]

 [[243 243 243]
  [243 243 243]
  [243 243 243]
  ...
  [241 241 241]
  [241 241 241]
  [241 241 241]]

 [[243 243 243]
  [243 243 243]
  [243 243 243]
  ...
  [240 240 240]
  [240 240 240]
  [240 240 240]]]",6
65,"[[[238 237 238]
  [238 238 238]
  [238 238 238]
  ...
  [234 234 234]
  [234 234 234]
  [234 233 233]]

 [[238 237 238]
  [238 238 238]
  [238 238 238]
  ...
  [234 234 234]
  [234 234 234]
  [234 233 233]]

 [[238 237 238]
  [238 238 238]
  [238 238 238]
  ...
  [234 234 234]
  [234 234 234]
  [234 233 233]]

 ...

 [[244 245 244]
  [244 244 244]
  [244 242 244]
  ...
  [230 230 232]
  [233 233 234]
  [239 239 237]]

 [[244 246 244]
  [244 244 244]
  [244 242 244]
  ...
  [234 234 235]
  [236 236 237]
  [239 239 239]]

 [[245 246 245]
  [244 244 244]
  [244 242 244]
  ...
  [239 239 238]
  [239 239 240]
  [239 239 242]]]",0
66,"[[[244 244 244]
  [244 244 244]
  [244 244 244]
  ...
  [243 243 242]
  [243 243 242]
  [243 243 242]]

 [[244 244 244]
  [244 244 244]
  [244 244 244]
  ...
  [243 243 242]
  [243 243 242]
  [243 243 242]]

 [[244 244 244]
  [244 244 244]
  [244 244 244]
  ...
  [243 243 242]
  [243 243 242]
  [243 243 242]]

 ...

 [[244 244 244]
  [244 244 244]
  [244 244 244]
  ...
  [242 242 242]
  [242 242 242]
  [242 242 242]]

 [[244 244 244]
  [244 244 244]
  [244 244 244]
  ...
  [242 242 242]
  [242 242 242]
  [242 242 242]]

 [[244 244 244]
  [244 244 244]
  [244 244 244]
  ...
  [242 242 242]
  [242 242 242]
  [242 242 242]]]",7
67,"[[[242 242 243]
  [242 242 243]
  [242 242 243]
  ...
  [242 242 242]
  [242 242 242]
  [242 242 242]]

 [[242 242 243]
  [242 242 243]
  [242 242 243]
  ...
  [242 242 242]
  [242 242 242]
  [242 242 242]]

 [[242 242 243]
  [242 242 243]
  [242 242 243]
  ...
  [242 242 242]
  [242 242 242]
  [242 242 242]]

 ...

 [[242 243 242]
  [242 243 242]
  [242 243 242]
  ...
  [241 242 241]
  [241 242 241]
  [241 242 241]]

 [[242 243 242]
  [242 243 242]
  [242 243 242]
  ...
  [241 242 241]
  [241 242 241]
  [241 242 241]]

 [[242 243 242]
  [242 243 242]
  [242 243 242]
  ...
  [241 242 241]
  [241 242 241]
  [241 242 241]]]",6
68,"[[[241 241 242]
  [241 241 242]
  [241 241 242]
  ...
  [243 243 243]
  [243 243 243]
  [243 243 243]]

 [[241 241 242]
  [241 241 242]
  [241 241 242]
  ...
  [243 243 243]
  [243 243 243]
  [243 243 243]]

 [[241 241 242]
  [241 241 242]
  [241 241 242]
  ...
  [243 243 243]
  [243 243 243]
  [243 243 243]]

 ...

 [[241 241 242]
  [241 241 242]
  [241 241 242]
  ...
  [237 237 240]
  [237 237 240]
  [237 237 240]]

 [[241 241 242]
  [241 241 242]
  [241 241 242]
  ...
  [237 237 239]
  [237 237 239]
  [237 237 239]]

 [[241 241 242]
  [241 241 242]
  [241 241 242]
  ...
  [237 237 239]
  [237 237 239]
  [237 237 239]]]",2
69,"[[[242 242 242]
  [242 242 242]
  [242 242 242]
  ...
  [244 242 243]
  [244 242 243]
  [244 242 243]]

 [[242 242 242]
  [242 242 242]
  [242 242 242]
  ...
  [244 242 243]
  [244 242 243]
  [244 242 243]]

 [[242 242 242]
  [242 242 242]
  [242 242 242]
  ...
  [244 242 244]
  [244 242 244]
  [244 242 244]]

 ...

 [[243 243 243]
  [243 243 243]
  [243 243 243]
  ...
  [241 241 241]
  [241 241 241]
  [241 241 241]]

 [[243 243 243]
  [243 243 243]
  [243 243 243]
  ...
  [241 241 241]
  [241 241 241]
  [241 241 241]]

 [[243 243 243]
  [243 243 243]
  [243 243 243]
  ...
  [240 240 240]
  [240 240 240]
  [240 240 240]]]",0
70,"[[[244 244 244]
  [244 244 244]
  [244 244 244]
  ...
  [246 246 246]
  [245 245 245]
  [244 244 244]]

 [[244 244 244]
  [244 244 244]
  [244 244 244]
  ...
  [245 245 245]
  [244 244 244]
  [243 243 243]]

 [[244 244 244]
  [244 244 244]
  [244 244 244]
  ...
  [244 244 244]
  [243 243 243]
  [242 242 242]]

 ...

 [[244 244 244]
  [244 244 244]
  [244 244 244]
  ...
  [244 244 244]
  [244 244 244]
  [244 244 244]]

 [[244 244 244]
  [244 244 244]
  [244 244 244]
  ...
  [244 244 244]
  [244 244 244]
  [244 244 244]]

 [[244 244 244]
  [244 244 244]
  [244 244 244]
  ...
  [242 242 242]
  [242 242 242]
  [242 242 242]]]",3
71,"[[[238 239 233]
  [240 240 244]
  [242 247 252]
  ...
  [241 242 241]
  [241 242 241]
  [241 242 241]]

 [[240 245 240]
  [242 241 244]
  [244 244 247]
  ...
  [241 242 241]
  [241 242 241]
  [241 242 241]]

 [[243 249 246]
  [244 240 244]
  [245 238 242]
  ...
  [241 242 241]
  [241 242 241]
  [241 242 241]]

 ...

 [[241 241 241]
  [241 241 241]
  [241 241 241]
  ...
  [239 239 239]
  [239 239 239]
  [239 239 239]]

 [[241 241 241]
  [241 241 241]
  [241 241 241]
  ...
  [239 239 239]
  [239 239 239]
  [239 239 239]]

 [[241 241 241]
  [241 241 241]
  [241 241 241]
  ...
  [239 239 239]
  [239 239 239]
  [239 239 239]]]",0
72,"[[[242 243 244]
  [243 244 244]
  [244 245 244]
  ...
  [243 243 242]
  [243 243 242]
  [243 243 242]]

 [[240 241 242]
  [241 242 242]
  [242 243 242]
  ...
  [243 243 242]
  [243 243 242]
  [243 243 242]]

 [[238 239 240]
  [239 240 240]
  [240 241 241]
  ...
  [243 243 242]
  [243 243 242]
  [243 243 242]]

 ...

 [[ 64  63  66]
  [ 66  65  68]
  [ 68  67  69]
  ...
  [156 154 153]
  [156 155 153]
  [156 155 153]]

 [[ 94  91  89]
  [104 105 104]
  [132 127 126]
  ...
  [157 153 152]
  [157 153 152]
  [157 153 152]]

 [[120 116 115]
  [138 139 138]
  [174 169 168]
  ...
  [245 244 245]
  [245 244 245]
  [245 244 245]]]",1
73,"[[[243 243 243]
  [243 243 243]
  [243 243 243]
  ...
  [245 245 245]
  [245 245 245]
  [245 245 245]]

 [[243 243 243]
  [243 243 243]
  [243 243 243]
  ...
  [243 243 243]
  [243 243 243]
  [243 243 243]]

 [[243 243 243]
  [243 243 243]
  [243 243 243]
  ...
  [241 241 241]
  [241 241 241]
  [241 241 241]]

 ...

 [[244 245 243]
  [244 245 245]
  [245 245 246]
  ...
  [242 241 241]
  [242 241 241]
  [242 241 241]]

 [[239 238 234]
  [240 240 239]
  [243 243 244]
  ...
  [242 241 241]
  [242 241 241]
  [242 241 241]]

 [[233 232 228]
  [237 235 234]
  [241 240 242]
  ...
  [242 241 241]
  [242 241 241]
  [242 241 241]]]",5
74,"[[[243 243 243]
  [243 243 243]
  [243 243 243]
  ...
  [244 244 244]
  [244 244 244]
  [244 244 244]]

 [[243 243 243]
  [243 243 243]
  [243 243 243]
  ...
  [244 244 244]
  [244 244 244]
  [244 244 244]]

 [[243 243 243]
  [243 243 243]
  [243 243 243]
  ...
  [244 244 244]
  [244 244 244]
  [244 244 244]]

 ...

 [[243 244 243]
  [243 244 243]
  [243 244 243]
  ...
  [243 243 243]
  [243 243 243]
  [243 243 243]]

 [[243 244 243]
  [243 244 243]
  [243 244 243]
  ...
  [242 242 242]
  [242 242 242]
  [242 242 242]]

 [[243 244 243]
  [243 244 243]
  [243 244 243]
  ...
  [241 241 241]
  [241 241 241]
  [241 241 241]]]",0
75,"[[[246 246 246]
  [246 246 246]
  [246 246 246]
  ...
  [241 241 240]
  [241 241 239]
  [241 241 239]]

 [[246 246 246]
  [246 246 246]
  [246 246 246]
  ...
  [241 241 240]
  [241 241 239]
  [241 241 239]]

 [[246 246 246]
  [246 246 246]
  [246 246 246]
  ...
  [241 241 240]
  [241 241 239]
  [241 241 239]]

 ...

 [[243 244 242]
  [243 244 242]
  [243 244 242]
  ...
  [239 238 237]
  [238 238 237]
  [237 238 236]]

 [[243 244 241]
  [243 244 241]
  [243 244 242]
  ...
  [240 238 237]
  [239 239 238]
  [239 240 239]]

 [[243 243 242]
  [243 243 242]
  [243 243 242]
  ...
  [239 237 238]
  [239 237 237]
  [239 237 236]]]",1
76,"[[[244 244 243]
  [244 244 243]
  [244 244 243]
  ...
  [244 244 243]
  [244 244 243]
  [244 244 243]]

 [[244 244 243]
  [244 244 243]
  [244 244 243]
  ...
  [244 244 243]
  [244 244 243]
  [244 244 243]]

 [[244 244 243]
  [244 244 243]
  [244 244 243]
  ...
  [244 244 243]
  [244 244 243]
  [244 244 243]]

 ...

 [[242 242 242]
  [242 242 242]
  [242 242 242]
  ...
  [243 243 243]
  [243 243 243]
  [243 243 243]]

 [[242 242 242]
  [242 242 242]
  [242 242 242]
  ...
  [242 242 242]
  [242 242 242]
  [242 242 242]]

 [[242 242 242]
  [242 242 242]
  [242 242 242]
  ...
  [241 241 241]
  [241 241 241]
  [241 241 241]]]",3
77,"[[[243 243 242]
  [242 242 240]
  [240 240 239]
  ...
  [241 241 241]
  [241 241 241]
  [241 241 241]]

 [[239 239 241]
  [239 239 239]
  [239 239 237]
  ...
  [241 241 241]
  [241 241 241]
  [241 241 241]]

 [[238 238 242]
  [239 239 240]
  [241 241 238]
  ...
  [241 241 241]
  [241 241 241]
  [241 241 241]]

 ...

 [[244 244 244]
  [244 244 244]
  [244 244 244]
  ...
  [239 239 239]
  [239 239 239]
  [241 241 241]]

 [[244 244 244]
  [244 244 244]
  [244 244 244]
  ...
  [239 239 239]
  [239 239 239]
  [241 241 241]]

 [[244 244 244]
  [244 244 244]
  [244 244 244]
  ...
  [239 239 239]
  [239 239 239]
  [241 241 241]]]",3
78,"[[[232 232 231]
  [232 232 231]
  [232 232 231]
  ...
  [213 213 212]
  [213 213 212]
  [213 213 212]]

 [[232 232 231]
  [232 232 231]
  [232 232 231]
  ...
  [216 216 215]
  [217 217 215]
  [217 217 216]]

 [[233 233 232]
  [233 233 232]
  [233 233 232]
  ...
  [216 216 214]
  [216 216 215]
  [217 217 216]]

 ...

 [[242 242 242]
  [242 242 242]
  [242 242 242]
  ...
  [243 243 243]
  [243 243 243]
  [243 243 243]]

 [[242 242 242]
  [242 242 242]
  [242 242 242]
  ...
  [243 243 243]
  [243 243 243]
  [243 243 243]]

 [[242 242 242]
  [242 242 242]
  [242 242 242]
  ...
  [243 243 243]
  [243 243 243]
  [243 243 243]]]",3
79,"[[[238 237 234]
  [238 237 234]
  [238 237 234]
  ...
  [234 234 232]
  [234 233 232]
  [234 233 232]]

 [[238 237 234]
  [238 237 234]
  [238 237 234]
  ...
  [234 234 232]
  [234 233 232]
  [234 233 232]]

 [[239 237 235]
  [239 237 235]
  [239 237 235]
  ...
  [235 235 232]
  [235 234 232]
  [235 234 232]]

 ...

 [[170 168 165]
  [170 168 165]
  [170 167 165]
  ...
  [178 175 173]
  [178 177 175]
  [178 177 175]]

 [[165 163 160]
  [165 163 160]
  [165 162 160]
  ...
  [175 173 172]
  [174 173 172]
  [174 173 172]]

 [[161 159 156]
  [161 159 156]
  [161 158 156]
  ...
  [212 212 211]
  [211 211 210]
  [211 211 210]]]",1
80,"[[[244 244 242]
  [244 244 242]
  [244 244 243]
  ...
  [243 243 243]
  [243 243 243]
  [243 243 243]]

 [[243 243 243]
  [243 243 243]
  [243 243 243]
  ...
  [243 243 243]
  [243 243 243]
  [243 243 243]]

 [[241 241 244]
  [242 242 244]
  [242 242 244]
  ...
  [243 243 243]
  [243 243 243]
  [243 243 243]]

 ...

 [[243 244 243]
  [243 244 243]
  [243 244 243]
  ...
  [244 244 244]
  [244 244 244]
  [244 244 244]]

 [[243 244 243]
  [243 244 243]
  [243 244 243]
  ...
  [243 243 243]
  [243 243 243]
  [243 243 243]]

 [[243 244 243]
  [243 244 243]
  [243 244 243]
  ...
  [241 241 241]
  [241 241 241]
  [241 241 241]]]",2
81,"[[[217 215 212]
  [214 211 209]
  [212 210 207]
  ...
  [169 165 163]
  [169 165 163]
  [171 168 167]]

 [[221 218 216]
  [218 215 212]
  [216 214 211]
  ...
  [172 168 166]
  [172 168 167]
  [174 172 170]]

 [[224 221 217]
  [222 219 215]
  [221 218 215]
  ...
  [177 173 171]
  [177 173 172]
  [173 171 168]]

 ...

 [[150 146 144]
  [149 145 144]
  [148 144 143]
  ...
  [161 159 156]
  [162 159 157]
  [160 157 155]]

 [[143 139 138]
  [142 139 137]
  [141 137 136]
  ...
  [153 152 150]
  [153 152 150]
  [154 151 149]]

 [[138 134 133]
  [137 134 133]
  [136 133 132]
  ...
  [182 182 180]
  [181 181 179]
  [188 186 183]]]",1
82,"[[[246 246 246]
  [246 246 246]
  [246 246 246]
  ...
  [246 246 246]
  [246 246 246]
  [246 246 246]]

 [[246 246 246]
  [246 246 246]
  [246 246 246]
  ...
  [246 246 246]
  [246 246 246]
  [246 246 246]]

 [[246 246 246]
  [246 246 246]
  [246 246 246]
  ...
  [246 246 246]
  [246 246 246]
  [246 246 246]]

 ...

 [[244 244 243]
  [244 244 243]
  [244 244 243]
  ...
  [244 244 243]
  [244 244 243]
  [244 244 243]]

 [[243 241 241]
  [242 241 241]
  [241 241 241]
  ...
  [242 242 242]
  [242 242 242]
  [242 242 242]]

 [[243 241 241]
  [242 241 241]
  [241 241 241]
  ...
  [242 242 242]
  [242 242 242]
  [242 242 242]]]",5
83,"[[[244 244 243]
  [244 244 243]
  [244 244 243]
  ...
  [238 237 239]
  [243 242 242]
  [246 246 244]]

 [[244 244 243]
  [244 244 243]
  [244 244 243]
  ...
  [238 238 238]
  [240 240 240]
  [242 242 240]]

 [[244 244 243]
  [244 244 243]
  [244 244 243]
  ...
  [238 239 239]
  [238 238 237]
  [238 238 237]]

 ...

 [[243 244 243]
  [243 244 243]
  [243 244 243]
  ...
  [242 243 242]
  [242 243 242]
  [242 243 242]]

 [[243 244 243]
  [243 244 243]
  [243 244 243]
  ...
  [242 242 241]
  [242 242 241]
  [242 242 241]]

 [[243 244 243]
  [243 244 243]
  [243 244 243]
  ...
  [242 242 241]
  [242 242 241]
  [242 242 241]]]",1
84,"[[[242 243 242]
  [242 243 242]
  [242 243 242]
  ...
  [242 242 242]
  [242 242 242]
  [242 242 242]]

 [[242 243 242]
  [242 243 242]
  [242 243 242]
  ...
  [242 242 242]
  [242 242 242]
  [242 242 242]]

 [[242 243 242]
  [242 243 242]
  [242 243 242]
  ...
  [242 242 242]
  [242 242 242]
  [242 242 242]]

 ...

 [[243 244 244]
  [243 244 244]
  [243 244 244]
  ...
  [242 244 243]
  [242 244 243]
  [242 244 243]]

 [[243 244 244]
  [243 244 244]
  [243 244 244]
  ...
  [242 243 243]
  [242 243 243]
  [242 243 243]]

 [[243 244 244]
  [243 244 244]
  [243 244 244]
  ...
  [242 243 243]
  [242 243 243]
  [242 243 243]]]",0
85,"[[[243 243 242]
  [243 243 242]
  [243 243 242]
  ...
  [242 242 242]
  [242 242 242]
  [242 242 242]]

 [[243 243 242]
  [243 243 242]
  [243 243 242]
  ...
  [242 242 242]
  [242 242 242]
  [242 242 242]]

 [[243 243 242]
  [243 243 242]
  [243 243 242]
  ...
  [242 242 242]
  [242 242 242]
  [242 242 242]]

 ...

 [[236 235 234]
  [236 235 234]
  [236 235 234]
  ...
  [235 223 226]
  [235 214 218]
  [235 208 212]]

 [[236 234 233]
  [236 234 233]
  [236 234 233]
  ...
  [234 236 234]
  [234 235 231]
  [234 234 228]]

 [[236 234 233]
  [236 234 233]
  [236 234 233]
  ...
  [234 231 233]
  [234 233 234]
  [234 235 234]]]",7
86,"[[[244 244 244]
  [244 244 244]
  [244 244 244]
  ...
  [243 243 243]
  [243 243 243]
  [243 243 243]]

 [[244 244 244]
  [244 244 244]
  [244 244 244]
  ...
  [243 243 243]
  [243 243 243]
  [243 243 243]]

 [[244 244 244]
  [244 244 244]
  [244 244 244]
  ...
  [243 243 243]
  [243 243 243]
  [243 243 243]]

 ...

 [[244 242 244]
  [244 244 244]
  [243 243 244]
  ...
  [242 243 242]
  [242 243 242]
  [242 243 242]]

 [[244 244 243]
  [244 245 244]
  [244 245 244]
  ...
  [242 243 242]
  [242 243 242]
  [242 243 242]]

 [[243 248 243]
  [244 248 244]
  [244 248 244]
  ...
  [242 243 242]
  [242 243 242]
  [242 243 242]]]",1
87,"[[[243 243 243]
  [243 243 243]
  [243 243 243]
  ...
  [141 134 166]
  [130 132 185]
  [224 231 236]]

 [[243 243 243]
  [243 243 243]
  [243 243 243]
  ...
  [190 206 208]
  [ 76  52 114]
  [235 227 224]]

 [[243 243 243]
  [243 243 243]
  [243 243 243]
  ...
  [108  94 154]
  [ 84  91 146]
  [220 221 217]]

 ...

 [[240 241 240]
  [238 240 240]
  [238 239 241]
  ...
  [242 242 242]
  [242 242 242]
  [242 242 242]]

 [[243 245 243]
  [241 243 243]
  [240 241 243]
  ...
  [242 242 242]
  [242 242 242]
  [242 242 242]]

 [[246 247 245]
  [244 245 245]
  [242 243 245]
  ...
  [242 242 242]
  [242 242 242]
  [242 242 242]]]",3
88,"[[[244 244 244]
  [244 244 244]
  [244 244 244]
  ...
  [243 243 243]
  [243 243 243]
  [243 243 243]]

 [[244 244 244]
  [244 244 244]
  [244 244 244]
  ...
  [243 243 243]
  [243 243 243]
  [243 243 243]]

 [[244 244 244]
  [244 244 244]
  [244 244 244]
  ...
  [243 243 243]
  [243 243 243]
  [243 243 243]]

 ...

 [[164 161 156]
  [164 161 156]
  [164 161 156]
  ...
  [236 233 235]
  [236 233 235]
  [237 234 236]]

 [[128 126 122]
  [128 126 122]
  [128 126 122]
  ...
  [232 226 231]
  [232 226 231]
  [232 226 232]]

 [[ 94  92  93]
  [ 94  92  93]
  [ 94  92  93]
  ...
  [240 241 241]
  [240 241 241]
  [239 240 240]]]",1
89,"[[[245 251 246]
  [237 238 239]
  [241 243 243]
  ...
  [242 242 241]
  [242 242 241]
  [241 241 240]]

 [[247 244 244]
  [239 241 238]
  [241 245 241]
  ...
  [242 242 241]
  [242 242 241]
  [242 242 240]]

 [[247 238 240]
  [243 245 238]
  [242 246 240]
  ...
  [242 242 241]
  [242 242 241]
  [226 226 225]]

 ...

 [[231 230 229]
  [230 230 229]
  [230 229 229]
  ...
  [231 231 231]
  [231 231 231]
  [233 231 232]]

 [[230 229 228]
  [230 229 227]
  [230 228 227]
  ...
  [232 232 231]
  [232 232 231]
  [233 232 232]]

 [[230 229 227]
  [230 228 226]
  [229 228 226]
  ...
  [233 233 231]
  [233 233 231]
  [233 233 232]]]",1
90,"[[[239 235 237]
  [239 235 236]
  [238 234 235]
  ...
  [234 232 232]
  [234 232 232]
  [234 233 232]]

 [[238 238 236]
  [238 237 235]
  [237 236 235]
  ...
  [236 233 233]
  [236 234 233]
  [236 234 233]]

 [[236 239 233]
  [236 238 234]
  [236 238 234]
  ...
  [238 236 236]
  [238 236 236]
  [238 236 236]]

 ...

 [[221 220 218]
  [221 220 218]
  [221 220 218]
  ...
  [230 229 231]
  [236 234 237]
  [236 234 237]]

 [[217 215 213]
  [217 215 213]
  [217 215 213]
  ...
  [232 232 234]
  [237 236 238]
  [235 235 237]]

 [[213 212 210]
  [213 212 210]
  [213 212 210]
  ...
  [239 240 240]
  [240 241 241]
  [235 237 237]]]",3
91,"[[[237 237 236]
  [237 237 236]
  [237 237 236]
  ...
  [227 226 221]
  [227 226 222]
  [227 226 223]]

 [[237 237 236]
  [237 237 236]
  [237 237 236]
  ...
  [228 227 223]
  [228 227 224]
  [228 227 224]]

 [[237 237 236]
  [237 237 236]
  [237 237 236]
  ...
  [230 229 225]
  [230 229 226]
  [230 229 227]]

 ...

 [[218 217 214]
  [218 217 214]
  [218 217 214]
  ...
  [222 221 218]
  [222 222 218]
  [222 222 218]]

 [[215 213 210]
  [215 213 210]
  [215 213 210]
  ...
  [225 223 221]
  [225 224 221]
  [225 224 221]]

 [[213 210 208]
  [213 210 208]
  [213 210 208]
  ...
  [236 235 235]
  [236 235 235]
  [236 236 235]]]",2
92,"[[[242 243 242]
  [242 243 242]
  [242 243 242]
  ...
  [243 243 243]
  [243 243 243]
  [243 243 243]]

 [[242 243 242]
  [242 243 242]
  [242 243 242]
  ...
  [243 243 243]
  [243 243 243]
  [243 243 243]]

 [[242 243 242]
  [242 243 242]
  [242 243 242]
  ...
  [243 243 243]
  [243 243 243]
  [243 243 243]]

 ...

 [[242 244 244]
  [242 244 244]
  [242 244 244]
  ...
  [243 244 243]
  [243 244 243]
  [243 244 243]]

 [[242 244 244]
  [242 244 244]
  [242 244 244]
  ...
  [243 244 243]
  [243 244 243]
  [243 244 243]]

 [[242 244 244]
  [242 244 244]
  [242 244 244]
  ...
  [243 244 243]
  [243 244 243]
  [243 244 243]]]",0
93,"[[[244 243 243]
  [244 243 243]
  [244 243 243]
  ...
  [243 244 244]
  [243 244 244]
  [242 243 243]]

 [[244 243 243]
  [244 243 243]
  [244 243 243]
  ...
  [243 245 245]
  [243 244 244]
  [242 243 243]]

 [[244 243 243]
  [244 243 243]
  [244 243 243]
  ...
  [244 245 245]
  [243 244 244]
  [242 243 243]]

 ...

 [[243 243 243]
  [243 243 243]
  [243 243 243]
  ...
  [246 238 244]
  [238 241 239]
  [237 239 243]]

 [[243 243 243]
  [243 243 243]
  [243 243 243]
  ...
  [247 231 244]
  [238 242 239]
  [236 245 242]]

 [[243 243 243]
  [243 243 243]
  [243 243 243]
  ...
  [246 225 242]
  [238 243 238]
  [237 250 244]]]",4
94,"[[[234 233 233]
  [234 233 233]
  [234 233 233]
  ...
  [226 225 226]
  [226 225 226]
  [226 225 226]]

 [[235 233 233]
  [235 233 233]
  [235 233 233]
  ...
  [217 216 215]
  [217 216 215]
  [217 216 215]]

 [[235 234 234]
  [235 234 234]
  [235 234 234]
  ...
  [218 217 215]
  [218 217 215]
  [218 217 215]]

 ...

 [[243 243 243]
  [243 243 243]
  [243 243 243]
  ...
  [244 244 244]
  [244 244 244]
  [244 244 244]]

 [[243 243 243]
  [243 243 243]
  [243 243 243]
  ...
  [244 244 244]
  [244 244 244]
  [244 244 244]]

 [[243 243 243]
  [243 243 243]
  [243 243 243]
  ...
  [244 244 244]
  [244 244 244]
  [244 244 244]]]",3
95,"[[[124 121 123]
  [124 122 123]
  [124 123 124]
  ...
  [  5   5   4]
  [  5   5   4]
  [  5   5   4]]

 [[130 127 127]
  [130 128 127]
  [130 129 128]
  ...
  [  8   7   6]
  [  8   7   6]
  [  8   7   6]]

 [[137 134 133]
  [137 135 133]
  [137 136 134]
  ...
  [ 11   9   9]
  [ 11   9   9]
  [ 11   9   9]]

 ...

 [[243 243 243]
  [243 243 243]
  [243 243 243]
  ...
  [244 244 244]
  [244 244 244]
  [244 244 244]]

 [[243 243 243]
  [243 243 243]
  [243 243 243]
  ...
  [241 241 241]
  [241 241 241]
  [241 241 241]]

 [[243 243 243]
  [243 243 243]
  [243 243 243]
  ...
  [241 241 241]
  [241 241 241]
  [241 241 241]]]",3
96,"[[[243 243 243]
  [243 243 243]
  [243 243 243]
  ...
  [242 242 242]
  [242 242 242]
  [242 242 242]]

 [[243 243 243]
  [243 243 243]
  [243 243 243]
  ...
  [242 242 242]
  [242 242 242]
  [242 242 242]]

 [[243 243 243]
  [243 243 243]
  [243 243 243]
  ...
  [242 242 242]
  [242 242 242]
  [242 242 242]]

 ...

 [[243 243 243]
  [243 243 243]
  [243 243 243]
  ...
  [241 242 241]
  [241 242 241]
  [241 242 241]]

 [[243 243 243]
  [243 243 243]
  [243 243 243]
  ...
  [241 242 241]
  [241 242 241]
  [241 242 241]]

 [[243 243 243]
  [243 243 243]
  [243 243 243]
  ...
  [240 242 240]
  [240 242 240]
  [240 242 240]]]",2
97,"[[[244 244 244]
  [244 244 244]
  [244 244 244]
  ...
  [238 236 241]
  [239 232 232]
  [236 245 241]]

 [[244 244 244]
  [244 244 244]
  [244 244 244]
  ...
  [234 232 235]
  [241 237 238]
  [255 255 255]]

 [[244 244 244]
  [244 244 244]
  [244 244 244]
  ...
  [255 252 254]
  [238 239 240]
  [247 243 243]]

 ...

 [[242 242 241]
  [242 242 241]
  [242 242 241]
  ...
  [231 229 227]
  [249 242 242]
  [243 242 244]]

 [[242 242 241]
  [242 242 241]
  [242 242 241]
  ...
  [191 193 190]
  [201 200 199]
  [194 201 202]]

 [[242 242 241]
  [242 242 241]
  [242 242 241]
  ...
  [188 187 184]
  [195 189 188]
  [190 191 192]]]",1
98,"[[[242 243 242]
  [242 243 242]
  [242 243 242]
  ...
  [242 239 241]
  [242 239 241]
  [241 239 239]]

 [[242 243 242]
  [242 243 242]
  [242 243 242]
  ...
  [242 239 241]
  [242 239 241]
  [241 239 239]]

 [[242 243 242]
  [242 243 242]
  [242 243 242]
  ...
  [242 239 241]
  [242 239 241]
  [241 239 239]]

 ...

 [[242 243 243]
  [242 243 243]
  [242 243 243]
  ...
  [241 239 240]
  [241 242 239]
  [241 240 240]]

 [[242 243 243]
  [242 243 243]
  [242 243 243]
  ...
  [241 240 240]
  [241 242 241]
  [241 241 241]]

 [[242 243 243]
  [242 243 243]
  [242 243 243]
  ...
  [241 242 240]
  [241 241 243]
  [241 242 242]]]",5
99,"[[[234 233 226]
  [234 233 225]
  [234 232 225]
  ...
  [242 242 242]
  [241 241 241]
  [241 241 241]]

 [[240 241 235]
  [240 241 234]
  [240 240 234]
  ...
  [242 242 242]
  [241 241 241]
  [241 241 241]]

 [[245 246 242]
  [245 246 242]
  [244 245 242]
  ...
  [242 242 242]
  [241 241 241]
  [241 241 241]]

 ...

 [[244 244 244]
  [244 244 244]
  [244 244 244]
  ...
  [242 242 242]
  [242 242 242]
  [242 242 242]]

 [[244 244 244]
  [244 244 244]
  [244 244 244]
  ...
  [242 242 242]
  [242 242 242]
  [242 242 242]]

 [[244 244 244]
  [244 244 244]
  [244 244 244]
  ...
  [242 242 242]
  [242 242 242]
  [242 242 242]]]",5
100,"[[[244 245 247]
  [244 245 246]
  [244 245 246]
  ...
  [246 246 247]
  [246 245 246]
  [246 245 246]]

 [[244 245 246]
  [244 245 246]
  [244 245 246]
  ...
  [246 246 247]
  [246 245 246]
  [246 245 246]]

 [[244 245 246]
  [244 245 246]
  [244 245 246]
  ...
  [246 246 247]
  [246 245 246]
  [246 245 246]]

 ...

 [[247 248 248]
  [247 248 248]
  [246 247 247]
  ...
  [246 247 247]
  [246 247 247]
  [246 247 247]]

 [[247 248 248]
  [247 248 248]
  [246 247 247]
  ...
  [246 247 247]
  [246 247 247]
  [246 247 247]]

 [[247 248 248]
  [247 248 248]
  [246 247 247]
  ...
  [246 248 247]
  [246 248 247]
  [246 248 247]]]",1
101,"[[[243 243 243]
  [243 243 243]
  [243 243 243]
  ...
  [244 244 244]
  [244 244 244]
  [244 244 244]]

 [[243 243 243]
  [243 243 243]
  [243 243 243]
  ...
  [244 244 244]
  [244 244 244]
  [244 244 244]]

 [[243 243 243]
  [243 243 243]
  [243 243 243]
  ...
  [244 244 244]
  [244 244 244]
  [244 244 244]]

 ...

 [[244 244 243]
  [244 244 243]
  [244 244 243]
  ...
  [244 244 245]
  [242 244 245]
  [242 244 245]]

 [[244 244 243]
  [244 244 243]
  [244 244 243]
  ...
  [243 244 244]
  [242 243 244]
  [242 243 244]]

 [[244 244 243]
  [244 244 243]
  [244 244 243]
  ...
  [241 241 242]
  [240 241 242]
  [240 241 242]]]",1
102,"[[[244 244 244]
  [244 244 244]
  [244 244 244]
  ...
  [239 240 239]
  [239 240 239]
  [239 240 239]]

 [[244 244 244]
  [244 244 244]
  [244 244 244]
  ...
  [240 241 240]
  [240 241 240]
  [240 241 240]]

 [[244 244 244]
  [244 244 244]
  [244 244 244]
  ...
  [242 243 242]
  [242 243 242]
  [242 243 242]]

 ...

 [[243 243 243]
  [243 243 243]
  [243 243 243]
  ...
  [243 243 243]
  [243 243 243]
  [243 243 243]]

 [[243 243 243]
  [243 243 243]
  [243 243 243]
  ...
  [243 243 243]
  [243 243 243]
  [243 243 243]]

 [[243 243 243]
  [243 243 243]
  [243 243 243]
  ...
  [243 243 243]
  [243 243 243]
  [243 243 243]]]",1
103,"[[[244 232 237]
  [244 232 237]
  [244 232 237]
  ...
  [244 244 244]
  [244 244 244]
  [244 244 244]]

 [[244 232 237]
  [244 232 237]
  [244 232 237]
  ...
  [244 244 244]
  [244 244 244]
  [244 244 244]]

 [[244 232 237]
  [244 232 237]
  [244 232 237]
  ...
  [244 244 244]
  [244 244 244]
  [244 244 244]]

 ...

 [[241 241 239]
  [241 241 239]
  [241 240 239]
  ...
  [243 243 243]
  [243 243 243]
  [243 243 243]]

 [[238 238 238]
  [239 239 239]
  [240 240 240]
  ...
  [241 241 241]
  [241 241 241]
  [241 241 241]]

 [[238 238 238]
  [239 239 239]
  [240 240 240]
  ...
  [241 241 241]
  [241 241 241]
  [241 241 241]]]",1
104,"[[[244 244 244]
  [244 244 244]
  [244 244 244]
  ...
  [244 244 244]
  [244 244 244]
  [244 244 244]]

 [[244 244 244]
  [244 244 244]
  [244 244 244]
  ...
  [244 244 244]
  [244 244 244]
  [244 244 244]]

 [[244 244 244]
  [244 244 244]
  [244 244 244]
  ...
  [244 244 244]
  [244 244 244]
  [244 244 244]]

 ...

 [[243 244 244]
  [243 244 244]
  [243 244 244]
  ...
  [243 244 244]
  [243 244 244]
  [243 244 244]]

 [[243 244 244]
  [243 244 244]
  [243 244 244]
  ...
  [243 244 244]
  [243 244 244]
  [243 244 244]]

 [[243 244 244]
  [243 244 244]
  [243 244 244]
  ...
  [243 244 244]
  [243 244 244]
  [243 244 244]]]",0
105,"[[[243 243 243]
  [243 243 243]
  [243 243 243]
  ...
  [242 242 242]
  [242 242 242]
  [242 242 242]]

 [[243 243 243]
  [243 243 243]
  [243 243 243]
  ...
  [242 242 242]
  [242 242 242]
  [242 242 242]]

 [[243 243 243]
  [243 243 243]
  [243 243 243]
  ...
  [242 242 242]
  [242 242 242]
  [242 242 242]]

 ...

 [[243 243 243]
  [243 243 243]
  [243 243 243]
  ...
  [242 242 242]
  [242 242 242]
  [242 242 242]]

 [[243 243 243]
  [243 243 243]
  [243 243 243]
  ...
  [242 242 242]
  [242 242 242]
  [242 242 242]]

 [[243 243 243]
  [243 243 243]
  [243 243 243]
  ...
  [242 242 242]
  [242 242 242]
  [242 242 242]]]",1
106,"[[[231 232 230]
  [231 232 230]
  [231 232 231]
  ...
  [226 227 226]
  [226 227 226]
  [226 227 226]]

 [[231 232 230]
  [231 232 230]
  [231 232 231]
  ...
  [226 227 226]
  [226 227 226]
  [226 227 226]]

 [[231 232 230]
  [231 232 230]
  [231 232 231]
  ...
  [226 227 226]
  [226 227 226]
  [226 227 226]]

 ...

 [[244 244 244]
  [244 244 244]
  [244 244 244]
  ...
  [243 243 243]
  [243 243 243]
  [243 243 243]]

 [[244 244 244]
  [244 244 244]
  [244 244 244]
  ...
  [242 242 242]
  [242 242 242]
  [242 242 242]]

 [[244 244 244]
  [244 244 244]
  [244 244 244]
  ...
  [242 242 242]
  [242 242 242]
  [242 242 242]]]",1
107,"[[[243 243 243]
  [243 243 243]
  [243 243 243]
  ...
  [244 244 244]
  [244 244 244]
  [244 244 244]]

 [[243 243 243]
  [243 243 243]
  [243 243 243]
  ...
  [244 244 244]
  [244 244 244]
  [244 244 244]]

 [[243 243 243]
  [243 243 243]
  [243 243 243]
  ...
  [244 244 244]
  [244 244 244]
  [244 244 244]]

 ...

 [[242 243 242]
  [242 243 242]
  [242 243 242]
  ...
  [247 247 247]
  [247 247 247]
  [247 247 247]]

 [[242 243 242]
  [242 243 242]
  [242 243 242]
  ...
  [243 243 243]
  [244 244 244]
  [244 244 244]]

 [[242 243 242]
  [242 243 242]
  [242 243 242]
  ...
  [240 240 240]
  [240 240 240]
  [241 241 241]]]",5
108,"[[[244 244 244]
  [244 244 244]
  [244 244 244]
  ...
  [244 244 244]
  [244 244 244]
  [244 244 244]]

 [[244 244 244]
  [244 244 244]
  [244 244 244]
  ...
  [244 244 244]
  [244 244 244]
  [244 244 244]]

 [[244 244 244]
  [244 244 244]
  [244 244 244]
  ...
  [244 244 244]
  [244 244 244]
  [244 244 244]]

 ...

 [[244 244 244]
  [244 244 244]
  [244 244 244]
  ...
  [244 244 243]
  [244 244 243]
  [244 244 243]]

 [[244 244 244]
  [244 244 244]
  [244 244 244]
  ...
  [242 242 241]
  [242 242 241]
  [242 242 241]]

 [[244 244 244]
  [244 244 244]
  [244 244 244]
  ...
  [241 241 240]
  [241 241 240]
  [241 241 240]]]",1
109,"[[[242 243 242]
  [242 243 242]
  [242 242 242]
  ...
  [241 241 242]
  [240 240 242]
  [240 240 241]]

 [[242 243 242]
  [242 243 242]
  [242 242 242]
  ...
  [242 242 243]
  [241 241 242]
  [240 240 242]]

 [[242 243 242]
  [242 243 242]
  [242 242 242]
  ...
  [242 242 244]
  [242 242 243]
  [241 241 242]]

 ...

 [[241 241 241]
  [241 241 241]
  [241 241 241]
  ...
  [243 244 243]
  [243 244 243]
  [243 244 243]]

 [[241 241 241]
  [241 241 241]
  [241 241 241]
  ...
  [241 242 241]
  [241 242 241]
  [241 242 241]]

 [[241 241 241]
  [241 241 241]
  [241 241 241]
  ...
  [240 241 240]
  [240 241 240]
  [240 241 240]]]",1
110,"[[[243 243 243]
  [243 243 243]
  [243 243 243]
  ...
  [243 245 245]
  [243 245 245]
  [242 245 245]]

 [[243 243 243]
  [243 243 243]
  [243 243 243]
  ...
  [242 244 243]
  [242 244 243]
  [242 244 244]]

 [[243 243 243]
  [243 243 243]
  [243 243 243]
  ...
  [242 243 242]
  [242 242 242]
  [242 242 242]]

 ...

 [[243 245 245]
  [243 244 244]
  [243 242 242]
  ...
  [226 232 233]
  [226 229 229]
  [228 228 227]]

 [[244 243 241]
  [242 241 241]
  [240 239 241]
  ...
  [231 232 235]
  [226 229 233]
  [224 227 232]]

 [[244 243 241]
  [242 241 241]
  [240 239 241]
  ...
  [231 232 235]
  [226 229 233]
  [224 227 232]]]",6
111,"[[[239 239 238]
  [239 239 238]
  [239 239 238]
  ...
  [237 236 234]
  [237 236 234]
  [237 236 234]]

 [[239 239 238]
  [239 239 238]
  [239 239 238]
  ...
  [237 236 234]
  [237 236 234]
  [237 236 234]]

 [[240 240 239]
  [240 240 239]
  [240 240 239]
  ...
  [237 236 235]
  [237 236 235]
  [237 236 235]]

 ...

 [[243 244 243]
  [243 244 243]
  [243 244 243]
  ...
  [243 243 242]
  [243 243 242]
  [243 243 242]]

 [[243 244 243]
  [243 244 243]
  [243 244 243]
  ...
  [243 243 242]
  [243 243 242]
  [243 243 242]]

 [[243 244 243]
  [243 244 243]
  [243 244 243]
  ...
  [243 243 242]
  [243 243 242]
  [243 243 242]]]",3
112,"[[[243 243 243]
  [243 243 243]
  [243 243 243]
  ...
  [243 243 243]
  [243 243 243]
  [243 243 243]]

 [[243 243 243]
  [243 243 243]
  [243 243 243]
  ...
  [243 243 243]
  [243 243 243]
  [243 243 243]]

 [[243 243 243]
  [243 243 243]
  [243 243 243]
  ...
  [243 243 243]
  [243 243 243]
  [243 243 243]]

 ...

 [[243 243 243]
  [243 243 243]
  [243 243 243]
  ...
  [242 241 242]
  [242 241 242]
  [242 241 242]]

 [[243 243 243]
  [243 243 243]
  [243 243 243]
  ...
  [242 241 242]
  [242 241 242]
  [242 241 242]]

 [[243 243 243]
  [243 243 243]
  [243 243 243]
  ...
  [241 241 241]
  [241 241 241]
  [241 241 241]]]",0
113,"[[[244 244 243]
  [244 244 243]
  [244 244 243]
  ...
  [243 243 243]
  [243 243 243]
  [243 243 243]]

 [[244 244 243]
  [244 244 243]
  [244 244 243]
  ...
  [243 243 243]
  [243 243 243]
  [243 243 243]]

 [[244 244 243]
  [244 244 243]
  [244 244 243]
  ...
  [243 243 243]
  [243 243 243]
  [243 243 243]]

 ...

 [[238 237 236]
  [238 237 236]
  [238 237 236]
  ...
  [237 236 234]
  [237 236 234]
  [237 235 234]]

 [[238 237 236]
  [237 236 235]
  [236 235 234]
  ...
  [236 236 234]
  [236 236 234]
  [236 236 234]]

 [[238 237 236]
  [237 236 235]
  [236 235 234]
  ...
  [236 236 234]
  [236 236 234]
  [236 236 234]]]",3
114,"[[[216 219 216]
  [223 217 214]
  [234 228 226]
  ...
  [225 223 221]
  [225 222 221]
  [225 222 221]]

 [[226 223 221]
  [219 219 217]
  [224 224 222]
  ...
  [228 226 225]
  [228 226 225]
  [228 226 225]]

 [[237 230 230]
  [220 224 224]
  [217 221 221]
  ...
  [233 231 230]
  [232 230 230]
  [232 230 229]]

 ...

 [[243 244 243]
  [243 244 243]
  [243 244 243]
  ...
  [245 245 245]
  [245 245 245]
  [245 245 245]]

 [[243 244 243]
  [243 244 243]
  [243 244 243]
  ...
  [244 244 244]
  [244 244 244]
  [244 244 244]]

 [[243 244 243]
  [243 244 243]
  [243 244 243]
  ...
  [241 241 241]
  [241 241 241]
  [241 241 241]]]",2
115,"[[[242 243 242]
  [242 243 242]
  [242 243 242]
  ...
  [242 243 242]
  [242 243 242]
  [242 243 242]]

 [[242 243 242]
  [242 243 242]
  [242 243 242]
  ...
  [242 243 242]
  [242 243 242]
  [242 243 242]]

 [[242 243 242]
  [242 243 242]
  [242 243 242]
  ...
  [242 243 242]
  [242 243 242]
  [242 243 242]]

 ...

 [[244 244 244]
  [244 244 244]
  [244 244 244]
  ...
  [243 243 243]
  [243 243 243]
  [243 243 243]]

 [[244 244 244]
  [244 244 244]
  [244 244 244]
  ...
  [242 242 242]
  [242 242 242]
  [242 242 242]]

 [[244 244 244]
  [244 244 244]
  [244 244 244]
  ...
  [242 241 242]
  [242 241 242]
  [242 241 242]]]",3
116,"[[[237 233 233]
  [237 233 233]
  [237 233 233]
  ...
  [233 231 229]
  [233 232 231]
  [233 232 231]]

 [[237 233 233]
  [237 233 233]
  [237 233 233]
  ...
  [233 231 229]
  [233 232 231]
  [233 232 231]]

 [[237 234 234]
  [237 234 234]
  [237 234 234]
  ...
  [234 231 230]
  [234 232 231]
  [234 232 231]]

 ...

 [[244 244 244]
  [244 244 244]
  [244 244 244]
  ...
  [239 238 238]
  [239 239 238]
  [239 239 238]]

 [[244 244 244]
  [244 244 244]
  [244 244 244]
  ...
  [246 245 243]
  [244 244 243]
  [244 244 243]]

 [[244 244 244]
  [244 244 244]
  [244 244 244]
  ...
  [242 241 239]
  [241 241 243]
  [241 241 243]]]",3
117,"[[[226 226 223]
  [228 228 226]
  [232 232 230]
  ...
  [234 234 231]
  [236 234 232]
  [236 234 232]]

 [[227 227 224]
  [229 229 227]
  [233 233 230]
  ...
  [234 234 231]
  [236 234 232]
  [236 234 232]]

 [[229 229 227]
  [231 231 228]
  [234 234 231]
  ...
  [234 234 231]
  [236 234 232]
  [236 234 232]]

 ...

 [[244 244 244]
  [244 244 244]
  [244 244 244]
  ...
  [243 244 243]
  [243 243 243]
  [243 243 243]]

 [[244 244 244]
  [244 244 244]
  [244 244 244]
  ...
  [241 242 241]
  [241 241 241]
  [241 241 241]]

 [[244 244 244]
  [244 244 244]
  [244 244 244]
  ...
  [240 239 240]
  [240 240 240]
  [240 240 240]]]",2
118,"[[[243 243 243]
  [243 243 243]
  [243 243 243]
  ...
  [242 245 242]
  [242 244 242]
  [242 244 242]]

 [[243 243 243]
  [243 243 243]
  [243 243 243]
  ...
  [244 245 242]
  [243 244 242]
  [243 244 242]]

 [[243 243 243]
  [243 243 243]
  [243 243 243]
  ...
  [245 244 242]
  [244 244 242]
  [244 243 242]]

 ...

 [[244 244 243]
  [244 244 243]
  [244 244 243]
  ...
  [242 242 242]
  [242 242 242]
  [242 242 242]]

 [[244 244 243]
  [244 244 243]
  [244 244 243]
  ...
  [242 242 242]
  [242 242 242]
  [242 242 242]]

 [[244 244 243]
  [244 244 243]
  [244 244 243]
  ...
  [242 242 242]
  [242 242 242]
  [242 242 242]]]",3
119,"[[[243 244 243]
  [243 244 243]
  [243 244 243]
  ...
  [243 243 243]
  [243 243 243]
  [243 244 243]]

 [[243 244 243]
  [243 244 243]
  [243 244 243]
  ...
  [243 243 243]
  [243 243 243]
  [243 244 243]]

 [[243 244 243]
  [243 244 243]
  [243 244 243]
  ...
  [243 243 243]
  [243 243 243]
  [243 244 243]]

 ...

 [[242 243 242]
  [242 243 242]
  [242 243 242]
  ...
  [242 242 242]
  [242 242 242]
  [242 242 242]]

 [[242 243 242]
  [242 243 242]
  [242 243 242]
  ...
  [242 242 242]
  [242 242 242]
  [242 242 242]]

 [[242 243 242]
  [242 243 242]
  [242 243 242]
  ...
  [242 242 242]
  [242 242 242]
  [242 242 242]]]",2
120,"[[[244 244 244]
  [244 244 244]
  [244 244 244]
  ...
  [244 244 244]
  [244 244 244]
  [244 244 244]]

 [[244 244 244]
  [244 244 244]
  [244 244 244]
  ...
  [244 244 244]
  [244 244 244]
  [244 244 244]]

 [[244 244 244]
  [244 244 244]
  [244 244 244]
  ...
  [244 244 244]
  [244 244 244]
  [244 244 244]]

 ...

 [[243 243 242]
  [243 243 242]
  [243 243 242]
  ...
  [243 243 242]
  [243 243 242]
  [243 243 242]]

 [[243 243 242]
  [243 243 242]
  [243 243 242]
  ...
  [243 243 242]
  [243 243 242]
  [243 243 242]]

 [[243 243 242]
  [243 243 242]
  [243 243 242]
  ...
  [243 243 242]
  [243 243 242]
  [243 243 242]]]",0
121,"[[[246 246 246]
  [246 246 246]
  [246 246 246]
  ...
  [246 246 246]
  [246 246 246]
  [246 246 246]]

 [[246 246 246]
  [246 246 246]
  [246 246 246]
  ...
  [246 246 246]
  [246 246 246]
  [246 246 246]]

 [[246 246 246]
  [246 246 246]
  [246 246 246]
  ...
  [246 246 246]
  [246 246 246]
  [246 246 246]]

 ...

 [[246 246 246]
  [246 246 246]
  [246 246 246]
  ...
  [246 244 244]
  [246 244 244]
  [246 244 244]]

 [[246 246 246]
  [246 246 246]
  [246 246 246]
  ...
  [246 244 244]
  [246 244 244]
  [246 244 244]]

 [[246 246 246]
  [246 246 246]
  [246 246 246]
  ...
  [246 244 244]
  [246 244 244]
  [246 244 244]]]",2
122,"[[[243 243 243]
  [243 243 243]
  [243 243 243]
  ...
  [243 242 243]
  [243 242 243]
  [243 242 243]]

 [[243 243 243]
  [243 243 243]
  [243 243 243]
  ...
  [243 242 243]
  [243 242 243]
  [243 242 243]]

 [[243 243 243]
  [243 243 243]
  [243 243 243]
  ...
  [243 242 243]
  [243 242 243]
  [243 242 243]]

 ...

 [[244 244 244]
  [244 244 244]
  [244 244 244]
  ...
  [244 244 244]
  [244 244 244]
  [244 244 244]]

 [[244 244 244]
  [244 244 244]
  [244 244 244]
  ...
  [242 242 242]
  [242 242 242]
  [242 242 242]]

 [[244 244 244]
  [244 244 244]
  [244 244 244]
  ...
  [239 239 239]
  [239 239 239]
  [239 239 239]]]",1
123,"[[[243 244 243]
  [243 244 243]
  [243 244 243]
  ...
  [243 243 243]
  [243 243 243]
  [243 243 243]]

 [[243 244 243]
  [243 244 243]
  [243 244 243]
  ...
  [243 243 243]
  [243 243 243]
  [243 243 243]]

 [[243 244 243]
  [243 244 243]
  [243 244 243]
  ...
  [243 243 243]
  [243 243 243]
  [243 243 243]]

 ...

 [[242 242 241]
  [242 242 241]
  [242 242 241]
  ...
  [241 242 241]
  [241 242 241]
  [241 242 241]]

 [[242 242 241]
  [242 242 241]
  [242 242 241]
  ...
  [241 242 241]
  [241 242 241]
  [241 242 241]]

 [[242 242 241]
  [242 242 241]
  [242 242 241]
  ...
  [241 242 241]
  [241 242 241]
  [241 242 241]]]",3
124,"[[[243 243 243]
  [243 243 243]
  [243 243 243]
  ...
  [242 243 242]
  [242 243 242]
  [242 243 242]]

 [[243 243 243]
  [243 243 243]
  [243 243 243]
  ...
  [242 243 242]
  [242 243 242]
  [242 243 242]]

 [[243 243 243]
  [243 243 243]
  [243 243 243]
  ...
  [242 243 242]
  [242 243 242]
  [242 243 242]]

 ...

 [[243 243 243]
  [243 243 243]
  [243 243 243]
  ...
  [242 243 242]
  [242 243 242]
  [242 243 242]]

 [[243 243 243]
  [243 243 243]
  [243 243 243]
  ...
  [242 243 242]
  [242 243 242]
  [242 243 242]]

 [[243 243 243]
  [243 243 243]
  [243 243 243]
  ...
  [242 243 242]
  [242 243 242]
  [242 243 242]]]",0
125,"[[[243 242 243]
  [243 242 243]
  [243 242 243]
  ...
  [240 240 239]
  [241 241 240]
  [241 241 240]]

 [[243 242 243]
  [243 242 243]
  [243 242 243]
  ...
  [240 240 239]
  [241 241 240]
  [241 241 240]]

 [[243 242 243]
  [243 242 243]
  [243 242 243]
  ...
  [240 240 239]
  [241 241 240]
  [241 241 240]]

 ...

 [[243 244 245]
  [243 243 244]
  [242 242 243]
  ...
  [241 241 239]
  [241 241 239]
  [241 241 239]]

 [[244 245 245]
  [244 245 244]
  [244 244 243]
  ...
  [241 241 239]
  [241 241 239]
  [241 241 239]]

 [[245 246 244]
  [245 245 244]
  [245 245 244]
  ...
  [241 241 239]
  [241 241 239]
  [241 241 239]]]",3
126,"[[[243 243 243]
  [243 243 243]
  [243 243 243]
  ...
  [242 241 241]
  [242 241 241]
  [242 241 241]]

 [[243 243 243]
  [243 243 243]
  [243 243 243]
  ...
  [242 241 241]
  [242 241 241]
  [242 241 241]]

 [[243 243 243]
  [243 243 243]
  [243 243 243]
  ...
  [242 241 241]
  [242 241 241]
  [242 241 241]]

 ...

 [[242 242 242]
  [242 242 242]
  [242 242 242]
  ...
  [243 243 243]
  [243 243 241]
  [242 242 239]]

 [[242 242 242]
  [242 242 242]
  [242 242 242]
  ...
  [245 245 244]
  [244 244 244]
  [243 243 243]]

 [[242 242 242]
  [242 242 242]
  [242 242 242]
  ...
  [242 242 244]
  [241 241 245]
  [239 239 245]]]",1
127,"[[[243 243 243]
  [243 243 243]
  [243 243 243]
  ...
  [242 242 242]
  [242 242 242]
  [242 242 242]]

 [[243 243 243]
  [243 243 243]
  [243 243 243]
  ...
  [242 242 242]
  [242 242 242]
  [242 242 242]]

 [[243 243 243]
  [243 243 243]
  [243 243 243]
  ...
  [242 242 242]
  [242 242 242]
  [242 242 242]]

 ...

 [[242 242 242]
  [242 242 242]
  [242 242 242]
  ...
  [242 242 242]
  [242 242 242]
  [242 242 242]]

 [[242 242 242]
  [242 242 242]
  [242 242 242]
  ...
  [243 243 242]
  [243 243 242]
  [243 243 242]]

 [[242 242 242]
  [242 242 242]
  [242 242 242]
  ...
  [243 243 242]
  [243 243 242]
  [243 243 242]]]",1
128,"[[[227 227 226]
  [227 227 226]
  [227 227 226]
  ...
  [244 244 244]
  [244 244 244]
  [244 244 244]]

 [[227 226 226]
  [227 226 226]
  [227 226 226]
  ...
  [244 244 244]
  [244 244 244]
  [244 244 244]]

 [[227 224 226]
  [227 224 226]
  [227 224 226]
  ...
  [244 244 244]
  [244 244 244]
  [244 244 244]]

 ...

 [[243 244 243]
  [243 244 243]
  [243 244 243]
  ...
  [244 244 244]
  [244 244 244]
  [244 244 244]]

 [[243 244 243]
  [243 244 243]
  [243 244 243]
  ...
  [242 242 243]
  [242 242 243]
  [242 242 243]]

 [[243 244 243]
  [243 244 243]
  [243 244 243]
  ...
  [239 239 239]
  [239 239 239]
  [239 239 239]]]",0
129,"[[[236 234 236]
  [224 222 224]
  [229 227 229]
  ...
  [233 227 230]
  [237 232 235]
  [238 233 235]]

 [[234 234 234]
  [234 234 234]
  [241 241 241]
  ...
  [225 224 225]
  [227 226 227]
  [228 226 228]]

 [[231 230 231]
  [239 238 238]
  [230 229 229]
  ...
  [220 218 220]
  [220 217 220]
  [223 219 224]]

 ...

 [[236 232 235]
  [245 247 244]
  [237 230 236]
  ...
  [233 235 230]
  [233 229 230]
  [232 227 230]]

 [[231 226 229]
  [240 243 239]
  [235 228 234]
  ...
  [231 231 229]
  [233 231 233]
  [234 230 233]]

 [[226 222 225]
  [237 240 236]
  [234 226 232]
  ...
  [228 225 228]
  [235 231 236]
  [236 232 235]]]",3
130,"[[[243 243 242]
  [243 243 242]
  [243 243 242]
  ...
  [242 243 242]
  [242 243 242]
  [242 243 242]]

 [[243 243 242]
  [243 243 242]
  [243 243 242]
  ...
  [242 243 242]
  [242 243 242]
  [242 243 242]]

 [[243 243 242]
  [243 243 242]
  [243 243 242]
  ...
  [242 243 242]
  [242 243 242]
  [242 243 242]]

 ...

 [[241 241 242]
  [241 241 242]
  [241 241 242]
  ...
  [242 243 242]
  [242 243 242]
  [242 243 242]]

 [[242 241 242]
  [242 241 242]
  [242 241 242]
  ...
  [241 242 241]
  [241 242 241]
  [241 242 241]]

 [[242 241 242]
  [242 241 242]
  [242 241 242]
  ...
  [241 242 241]
  [241 242 241]
  [241 242 241]]]",0
131,"[[[244 244 244]
  [244 244 244]
  [244 244 244]
  ...
  [244 244 244]
  [244 244 244]
  [244 244 244]]

 [[244 244 244]
  [244 244 244]
  [244 244 244]
  ...
  [244 244 244]
  [244 244 244]
  [244 244 244]]

 [[244 244 244]
  [244 244 244]
  [244 244 244]
  ...
  [244 244 244]
  [244 244 244]
  [244 244 244]]

 ...

 [[231 230 231]
  [231 230 231]
  [231 230 231]
  ...
  [234 234 236]
  [235 235 238]
  [237 237 240]]

 [[231 230 230]
  [231 230 230]
  [231 230 230]
  ...
  [235 235 236]
  [236 236 238]
  [238 238 240]]

 [[231 230 228]
  [231 230 228]
  [231 230 228]
  ...
  [236 236 237]
  [237 237 238]
  [239 239 240]]]",1
132,"[[[243 244 243]
  [243 244 243]
  [243 244 243]
  ...
  [243 244 243]
  [243 244 243]
  [243 244 243]]

 [[243 244 243]
  [243 244 243]
  [243 244 243]
  ...
  [243 244 243]
  [243 244 243]
  [243 244 243]]

 [[243 244 243]
  [243 244 243]
  [243 244 243]
  ...
  [243 244 243]
  [243 244 243]
  [243 244 243]]

 ...

 [[243 243 243]
  [243 243 243]
  [243 243 243]
  ...
  [243 243 243]
  [243 243 243]
  [243 243 243]]

 [[243 243 243]
  [243 243 243]
  [243 243 243]
  ...
  [242 242 242]
  [242 242 242]
  [242 242 242]]

 [[243 243 243]
  [243 243 243]
  [243 243 243]
  ...
  [241 241 241]
  [241 241 241]
  [241 241 241]]]",0
133,"[[[242 242 242]
  [242 242 242]
  [242 242 242]
  ...
  [239 239 239]
  [239 239 239]
  [239 239 239]]

 [[242 242 242]
  [242 242 242]
  [242 242 242]
  ...
  [239 239 239]
  [239 239 239]
  [239 239 239]]

 [[242 242 242]
  [242 242 242]
  [242 242 242]
  ...
  [239 239 239]
  [239 239 239]
  [239 239 239]]

 ...

 [[244 244 244]
  [244 244 244]
  [244 244 244]
  ...
  [242 242 242]
  [242 242 242]
  [242 242 242]]

 [[244 244 244]
  [244 244 244]
  [244 244 244]
  ...
  [242 242 242]
  [242 242 242]
  [242 242 242]]

 [[244 244 244]
  [244 244 244]
  [244 244 244]
  ...
  [242 242 242]
  [242 242 242]
  [242 242 242]]]",2
134,"[[[243 243 241]
  [243 243 241]
  [243 243 241]
  ...
  [242 241 239]
  [242 241 239]
  [242 241 239]]

 [[243 243 241]
  [243 243 241]
  [243 243 241]
  ...
  [242 241 239]
  [242 241 239]
  [242 241 239]]

 [[243 243 241]
  [243 243 241]
  [243 243 241]
  ...
  [242 241 240]
  [242 241 240]
  [242 241 240]]

 ...

 [[205 202 199]
  [205 202 199]
  [205 202 199]
  ...
  [209 205 202]
  [209 205 202]
  [209 207 204]]

 [[200 198 195]
  [200 198 195]
  [200 198 195]
  ...
  [206 203 201]
  [206 203 201]
  [206 204 202]]

 [[196 195 192]
  [196 195 192]
  [196 195 192]
  ...
  [241 241 241]
  [241 241 241]
  [241 241 240]]]",0
135,"[[[234 233 232]
  [237 236 235]
  [239 238 237]
  ...
  [232 231 227]
  [232 231 227]
  [232 231 227]]

 [[235 234 232]
  [237 236 235]
  [239 238 237]
  ...
  [233 232 229]
  [233 232 229]
  [233 232 229]]

 [[236 235 234]
  [238 237 235]
  [239 238 236]
  ...
  [235 234 231]
  [235 234 231]
  [235 234 231]]

 ...

 [[243 244 243]
  [243 244 243]
  [243 244 243]
  ...
  [244 244 244]
  [244 244 244]
  [244 244 244]]

 [[244 244 244]
  [244 244 244]
  [244 244 244]
  ...
  [243 243 243]
  [243 243 243]
  [243 243 243]]

 [[244 244 244]
  [244 244 244]
  [244 244 244]
  ...
  [243 243 243]
  [243 243 243]
  [243 243 243]]]",5
136,"[[[243 244 243]
  [243 244 243]
  [243 244 243]
  ...
  [243 243 243]
  [243 243 243]
  [243 243 243]]

 [[243 244 243]
  [243 244 243]
  [243 244 243]
  ...
  [243 243 243]
  [243 243 243]
  [243 243 243]]

 [[243 244 243]
  [243 244 243]
  [243 244 243]
  ...
  [243 243 243]
  [243 243 243]
  [243 243 243]]

 ...

 [[243 244 243]
  [243 244 243]
  [243 244 243]
  ...
  [242 243 242]
  [242 243 242]
  [242 243 242]]

 [[243 244 243]
  [243 244 243]
  [243 244 243]
  ...
  [242 243 242]
  [242 243 242]
  [242 243 242]]

 [[243 244 243]
  [243 244 243]
  [243 244 243]
  ...
  [242 243 242]
  [242 243 242]
  [242 243 242]]]",0
137,"[[[243 243 243]
  [243 243 243]
  [243 243 243]
  ...
  [241 241 241]
  [241 241 241]
  [241 241 241]]

 [[243 243 243]
  [243 243 243]
  [243 243 243]
  ...
  [241 241 241]
  [241 241 241]
  [241 241 241]]

 [[243 243 243]
  [243 243 243]
  [243 243 243]
  ...
  [241 241 241]
  [241 241 241]
  [241 241 241]]

 ...

 [[243 243 243]
  [243 243 243]
  [243 243 243]
  ...
  [243 243 242]
  [243 243 243]
  [243 243 243]]

 [[243 243 243]
  [243 243 243]
  [243 243 243]
  ...
  [243 243 242]
  [243 243 243]
  [243 243 243]]

 [[243 243 243]
  [243 243 243]
  [243 243 243]
  ...
  [240 240 240]
  [241 241 241]
  [241 241 241]]]",5
138,"[[[243 246 244]
  [243 245 244]
  [244 245 244]
  ...
  [243 244 244]
  [244 244 244]
  [244 244 244]]

 [[243 246 244]
  [243 245 244]
  [244 245 244]
  ...
  [243 244 244]
  [243 243 243]
  [243 243 243]]

 [[243 246 243]
  [243 245 243]
  [243 244 243]
  ...
  [243 244 244]
  [242 242 242]
  [242 242 242]]

 ...

 [[244 244 244]
  [244 244 244]
  [244 244 244]
  ...
  [244 244 244]
  [244 244 244]
  [244 244 244]]

 [[244 244 244]
  [244 244 244]
  [244 244 244]
  ...
  [244 244 244]
  [244 244 244]
  [244 244 244]]

 [[244 244 244]
  [244 244 244]
  [244 244 244]
  ...
  [244 244 244]
  [244 244 244]
  [244 244 244]]]",1
139,"[[[241 241 241]
  [241 241 241]
  [241 241 241]
  ...
  [240 241 240]
  [239 239 239]
  [239 238 239]]

 [[244 244 244]
  [244 244 244]
  [243 243 243]
  ...
  [240 241 240]
  [240 239 240]
  [239 238 239]]

 [[246 246 246]
  [246 246 246]
  [245 245 245]
  ...
  [241 241 241]
  [240 240 240]
  [240 239 240]]

 ...

 [[198 193 190]
  [198 193 191]
  [198 194 192]
  ...
  [213 211 207]
  [213 211 207]
  [213 211 207]]

 [[195 194 191]
  [195 193 192]
  [195 192 192]
  ...
  [210 207 203]
  [210 207 203]
  [210 207 203]]

 [[186 181 181]
  [188 187 183]
  [191 190 186]
  ...
  [236 236 236]
  [236 236 236]
  [236 236 236]]]",2
140,"[[[243 243 243]
  [243 243 243]
  [243 243 243]
  ...
  [242 242 242]
  [242 242 242]
  [242 242 242]]

 [[243 243 243]
  [243 243 243]
  [243 243 243]
  ...
  [242 242 242]
  [242 242 242]
  [242 242 242]]

 [[243 243 243]
  [243 243 243]
  [243 243 243]
  ...
  [242 242 242]
  [242 242 242]
  [242 242 242]]

 ...

 [[243 243 243]
  [243 243 243]
  [243 243 243]
  ...
  [242 242 242]
  [242 242 242]
  [242 242 242]]

 [[243 243 243]
  [243 243 243]
  [243 243 243]
  ...
  [242 242 242]
  [242 242 242]
  [242 242 242]]

 [[243 243 243]
  [243 243 243]
  [243 243 243]
  ...
  [242 242 242]
  [242 242 242]
  [242 242 242]]]",0
141,"[[[242 242 239]
  [242 242 239]
  [242 242 239]
  ...
  [241 241 238]
  [241 241 238]
  [241 241 238]]

 [[242 242 239]
  [242 242 239]
  [242 242 239]
  ...
  [241 241 238]
  [241 241 238]
  [241 241 238]]

 [[242 242 240]
  [242 242 240]
  [242 242 240]
  ...
  [241 241 239]
  [241 241 239]
  [241 241 239]]

 ...

 [[243 243 242]
  [243 243 242]
  [243 243 242]
  ...
  [242 242 242]
  [242 242 242]
  [243 243 243]]

 [[243 243 242]
  [243 243 242]
  [243 243 242]
  ...
  [241 241 241]
  [242 242 242]
  [242 242 242]]

 [[243 243 242]
  [243 243 242]
  [243 243 242]
  ...
  [241 241 241]
  [241 241 241]
  [242 242 242]]]",1
142,"[[[243 243 243]
  [243 243 243]
  [243 243 243]
  ...
  [242 243 242]
  [242 243 242]
  [242 243 242]]

 [[243 243 243]
  [243 243 243]
  [243 243 243]
  ...
  [242 243 242]
  [242 243 242]
  [242 243 242]]

 [[243 243 243]
  [243 243 243]
  [243 243 243]
  ...
  [242 243 242]
  [242 243 242]
  [242 243 242]]

 ...

 [[243 243 243]
  [243 243 243]
  [243 243 243]
  ...
  [243 243 243]
  [243 243 243]
  [243 243 243]]

 [[243 243 243]
  [243 243 243]
  [243 243 243]
  ...
  [243 243 243]
  [243 243 243]
  [243 243 243]]

 [[243 243 243]
  [243 243 243]
  [243 243 243]
  ...
  [243 243 243]
  [243 243 243]
  [243 243 243]]]",0
143,"[[[243 244 243]
  [243 244 243]
  [242 244 243]
  ...
  [233 231 228]
  [233 231 228]
  [233 231 228]]

 [[243 244 243]
  [243 244 243]
  [242 244 243]
  ...
  [233 231 228]
  [233 231 228]
  [233 231 228]]

 [[243 244 243]
  [243 244 243]
  [242 244 243]
  ...
  [233 231 228]
  [233 231 228]
  [233 231 228]]

 ...

 [[230 234 238]
  [231 236 237]
  [229 235 236]
  ...
  [232 230 226]
  [232 230 226]
  [232 230 226]]

 [[231 229 233]
  [234 234 232]
  [229 234 233]
  ...
  [234 231 230]
  [234 231 230]
  [234 231 230]]

 [[223 225 230]
  [233 233 229]
  [235 235 229]
  ...
  [238 236 237]
  [238 236 237]
  [238 236 237]]]",3
144,"[[[243 244 244]
  [243 244 244]
  [243 244 244]
  ...
  [242 243 242]
  [242 243 242]
  [242 243 242]]

 [[243 244 244]
  [243 244 244]
  [243 244 244]
  ...
  [242 243 242]
  [242 243 242]
  [242 243 242]]

 [[243 244 244]
  [243 244 244]
  [243 244 244]
  ...
  [242 243 242]
  [242 243 242]
  [242 243 242]]

 ...

 [[242 242 242]
  [242 242 242]
  [242 242 242]
  ...
  [241 242 242]
  [241 242 242]
  [241 242 242]]

 [[242 242 242]
  [242 242 242]
  [242 242 242]
  ...
  [241 242 242]
  [241 242 242]
  [241 242 242]]

 [[242 242 242]
  [242 242 242]
  [242 242 242]
  ...
  [241 242 242]
  [241 242 242]
  [241 242 242]]]",5
